id,bid,user_id,用户昵称,微博正文,头条文章url,发布位置,艾特用户,话题,转发数,评论数,点赞数,发布时间,发布工具,微博图片url,微博视频url,retweet_id
4947834744081514,Nk4oOh7MS,7809432528,黑化liar行将就木版,#花西子发声#,,,,花西子发声,0,0,1,2023-09-19 23:59,赵泳鑫家的废话小天才,,,
4947834686933843,Nk4oIt5Ob,6040546878,凌肖的胸毛,#花西子发声#好厉害的空瓶,,,,花西子发声,0,0,0,2023-09-19 23:59,华为手机 畅享玩不停,,,
4947752490635426,Nk2g92FiO,6336556296,花西子Florasis,有奖征集！送礼盒和眉笔！【转发】即可参与～大家近期的支持与建议，小西都收到了～为更好地服务大家，我们将抽100位送美妆礼盒，另外再抽10000人来体验我们的眉笔，诚恳地向大家征集使用反馈。9月23日-9月24日陆续开奖！#花西子发声#,,,,花西子发声,294355,85780,85794,2023-09-19 18:33,微博网页版,['https://wx3.sinaimg.cn/large/006UPxKUly1hi22mjmgj6j30ku0rsn38.jpg'],,
4947834682739991,Nk4oIbuNp,5242930013,w和y阿,希望花西子有这样的事情后，能积极改正，争取做一个被大家认可的国货,,,,,0,0,85794,2023-09-19 23:59,iPhone客户端,,,4947752490635426
4947834661506490,Nk4oG6jUe,3885592898,歌在唱舞在跳长夜漫漫不觉晓,避重就轻随便讲两句因为热度快下去了，赶紧再蹭一蹭#花西子发声#,,,,花西子发声,0,0,1,2023-09-19 23:59,iPhone客户端,,,
4947834656788300,Nk4oFstWI,7455660280,迟日野院,#花西子发声#一点用都没有,,,,花西子发声,0,0,1,2023-09-19 23:59,心好为你写的情诗,,,
4947834647349224,Nk4oEuPRS,5492777830,FYT_0507,#花西子发声#抱着支持国货的心里，这几年用的空气蜜粉（确实好用），眉笔，睫毛膏都是你家的。李佳琪这话一出来开始心疼我的钱了,,,,花西子发声,0,0,1,2023-09-19 23:59,OPPO Reno2,,,
4947681836796110,Nk0qbsvYG,1420849630,刘新征,我前两天还说。。。果然是有人把成本给公布了，不光是花西子，化妆品都是这个成本结构，包括海外大牌。所不同的，无非是给李佳琦的钱以前是给媒体，给平台，给商超，给代理商的。看到网红博主在那分析成分，谈创新，煞有介事，我都想笑，但凡跨界看下化妆品上市公司的财报，你就知道研发费用就没有超过营业额2%的。你会想，每69元里就有1元是研发费用，也不低了吧？但是，分母可不是69哦，分母是7元，也就是出厂价。也就是说研发费用是7元的2%，你69元的化妆品只有1分钱是做研发的。而且，你以为研发费用都是用来做皮肤试验的吗？不不不，换个新包装，设计个新瓶子，都算研发费用，当然研发部门人员的薪酬，差旅什么的也算是研发费用，研发总监工资翻了倍，提现在财报上，就是研发费用大幅上升了。。。千万不要说，只有国产品牌才这样，国外的化妆品上市公司更多，你去看看财报有哪个不是这样的？当然不同的是，你品牌强大的话，你和我成本价7元，在卖给一级经销商的时候，你能卖出多少钱。花西子这样的，基本就是7元生产出来，7.1元卖给了李佳琦，李佳琦69元卖给了你。这算好的，很多小品牌，成本7元，5元卖给李佳琦，李佳琦69元卖给你。你说这小品牌傻吗？不傻，因为李佳琦卖过，相当于在这个领域被开过光了，他就可以以30元的价格卖给另外一个经销商，或者自营以79元的价格来卖，然后拿这部分盈利，来补李佳琦的亏空。。。不管你愿不愿意，世界它都是这么运作的。我不是反对女性用化妆品护肤品啊，我一个男的也要买抹脸的啊，而且我就是知道我买的这个上百块的抹脸霜，成本大概就是20元以内，其中瓶子和盒子占一半，最不值钱的部分，就是那堆膏状体。我不还是得用吗？？？,,,,,7200,42,12823,2023-09-19 13:52,vivo X80 Pro,['https://wx1.sinaimg.cn/large/54b071degy1hi1tpmk8mjj20j60tydij.jpg'],,
4947834643154505,Nk4oEdeD7,6126848023,Louis_Meow,//@洛梅笙:所以说李佳琦就是国贼，他打着帮助国货，给消费者争取最惠的旗号，实际上是对实业和消费者的两头吸血，有些人也别说李佳琦或花西子谁更冤，他们就是一个利益链的共同体。至于李佳琦的脑残粉为什么至今对他劫富济贫的说法深信不疑，应该跟耽粉催眠一样的“女权”就是个遮羞布,,,洛梅笙,,0,0,12823,2023-09-19 23:59,微博轻享版,,,4947681836796110
4947834635553789,Nk4oDniNf,6025555768,冯小妹sunshine,国货之花西子，从来没用过啊哈哈哈哈哈哈😂只觉得雕刻很好看艺术品一样,,,,,0,0,85794,2023-09-19 23:59,iPhone客户端,,,4947752490635426
4947834626379816,Nk4oCqLGg,5478791380,铜陵城事,【#你接受花西子的道歉吗#？】#如何看待花西子致歉#？花西子表示在过去一周里，受到了全网极大的关注，感到“诚惶诚恐，手足无措”，但已记录网友意见，正根据网友的相关意见一一比照、修正和提升，未来为大家带来更好的产品，提供更好的服务。信的末尾，花西子表示“脚踏实地，行稳致远；百花齐放，国货自强”。你接受花西子的道歉吗？,,,,"你接受花西子的道歉吗,如何看待花西子致歉",0,0,0,2023-09-19 23:59,vivo X Fold2,,,
4947834615108090,Nk4oBlqQy,5890624834,家有一颗梧桐树,第一次认识花西子是散粉，确实很出圈，希望可以越做越好,,,,,0,0,85794,2023-09-19 23:59,K30S 至尊纪念版,,,4947752490635426
4947834598066540,Nk4ozxQtu,7578464863,和提没有缘_,#花西子发声#少拿国货绑架人好吗,,,,花西子发声,0,0,1,2023-09-19 23:59,HUAWEI Mate 10,,,
4947834573426745,Nk4oxens5,7411134628,在下一八七点八,花西子什么叫做废话连篇不讲正题你倒是说你的眉笔为什么卖79啊比植村秀贵多了,,,,,0,0,4,2023-09-19 23:59,iPhone 14 Pro Max,['https://wx1.sinaimg.cn/large/0085ymFuly1hi2c1i7f0zj30u0140n8y.jpg'],,
4947834563988026,Nk4owgJt0,3965006585,呦蓝大唯唯,@花西子,,,花西子,,0,0,85794,2023-09-19 23:59,iPhone客户端,,,4947752490635426
4947834560842042,Nk4ow3x3k,6209092845,利刃空天,#花西子发声#网传因为这波热度眉笔涨价了？看看这叫什么事儿啊！让网红李带货直播间怼网友，眉笔每天都要用的，薄利多销也能赚钱，为啥非要发酵舆论呢………！！！图源自网络,,,,花西子发声,0,0,4,2023-09-19 23:59,,"['https://wx1.sinaimg.cn/large/006McIGNgy1hi2c0nq44wj30ku102wjy.jpg', 'https://wx1.sinaimg.cn/large/006McIGNgy1hi2c1rjk5kj30ku0zwjwj.jpg']",,
4947834522307371,Nk4os9GfF,6495238647,嗯哼的嗣嗣,#花西子发声#现在是商战，人家就是在内涵你，你搞这些花拳绣腿怎么跟别人斗，别说什么国货不国货，你靠什么去做这买卖生意！产品还是设计还是品牌？声誉已损，何不老老实实给些老客户福利，打起价格战！没同行对着你落井下石就不错了,,,,花西子发声,0,0,0,2023-09-19 23:58,iPhone客户端,,,
4947834488490854,Nk4oozCRg,7203249382,橘生淮南则以橘,#花西子发声#滚,,,,花西子发声,0,0,0,2023-09-19 23:58,vivo Y32,,,
4947834455720301,Nk4olo06V,5623620794,ONE哥说,#你期待花西子出什么价位的产品#花西子接下来会推出什么价位的产品呢？这一问题困扰了许多消费者，毕竟我们都希望能够在美妆护肤领域找到性价比高的产品。同时，关于花西子公关部多人离职的传闻也增加了疑虑感。难免有人猜测是否有什么内幕原因，他们离职是否成了某些事情的“背锅侠”？#公关离职#,,,,"你期待花西子出什么价位的产品,公关离职",0,0,1,2023-09-19 23:58,,['https://wx4.sinaimg.cn/large/0068A8Fcly1hi2c1t11ynj30n00slac0.jpg'],,
4947834452051854,Nk4ol8BMq,6413871124,你眼如月色,#花西子发声#国货都不容易，我也是。哈哈哈哈哈笑死我了这个,,,,花西子发声,0,0,0,2023-09-19 23:58,iPhone客户端,,,
4947834451790824,Nk4ol7vSg,3627430135,是个爱钓鱼的小姐姐,@花西子,,,花西子,,0,0,85794,2023-09-19 23:58,iPhone 12,,,4947752490635426
4947716432726979,Nk1jZbrpx,7608435687,用户7608435687,他是美国玖富的大股东-陈理行，3年后在受害出借人的坚持下，他终于露面了，继续他无赖的表演和言词，怨人保、怨政策，唯一忘记了3年前的承诺，令人作呕，一家“合法合规”的公司，3年不还1分钱，还在美国上市，高管股东照分12亿，还在万卡放贷，是有多强的能量，唯有立案，让孙雷‘杨晓军’刘磊‘肖常兴’李治军‘金增笑’张冬成‘朱俊丽’徐宇‘徐乘’江南春‘张丽芬’吴明武‘张玉’峰渠‘万春’在牢中相见！#厚积薄发在房山##分众传媒##唯品会##恒大财富杜某等被采取刑事强制措施#,,,,"厚积薄发在房山,分众传媒,唯品会,恒大财富杜某等被采取刑事强制措施",5,3,6,2023-09-19 16:09,荣耀X10 5G,['https://wx4.sinaimg.cn/large/008iUdGDly1hi1yhranx9j30m80m8q72.jpg'],,
4947834430819624,Nk4oj3rdK,7411057300,我要好运double,#花西子发声##秦奋#,,,,"花西子发声,秦奋",0,0,6,2023-09-19 23:58,HUAWEI Mate 40 Pro,,,4947716432726979
4947834417709086,Nk4ohwlu6,5993789984,Gelsey_Roroza,#花西子发声#,,,,花西子发声,0,0,1,2023-09-19 23:58,OPPO K9x 5G,,,
4947834417189618,Nk4ohualA,1808813142,泥鳅面相,#花西子发声#雌雄眼，深藏不露；斜嘴巴，言非心声！,,,,花西子发声,4,15,57,2023-09-19 23:58,NZONE 50 Pro,['https://wx1.sinaimg.cn/large/6bd04c56gy1hi2bzo0619j20qo0r6q4i.jpg'],,
4947834413779061,Nk4ohfR6B,6199947590,玛卡巴卡KC,#花西子发声#所以说了个啥？,,,,花西子发声,0,0,1,2023-09-19 23:58,nova5Pro人像超级夜景,['https://wx4.sinaimg.cn/large/006LAlAGgy1hi2c1n5rr4j30u00rlq8f.jpg'],,
4947834401458957,Nk4og67xz,6284211577,Doky_CF,不说别的，花西子那个同心锁口红很拔干。。。蜜粉飞粉也很严重，给的粉饼也很不好。。。。,,,,,0,0,0,2023-09-19 23:58,绝世美女的HarmonyOS设备,,,
4947753009679820,Nk2gYECa8,1642634100,新浪科技,【#你期待花西子出什么价位的产品#】9月19日，#花西子发声#称，在过去一周里，受到了全网极大的关注，感到“诚惶诚恐，手足无措”，但已记录网友意见，正根据网友的相关意见一一比照、修正和提升，未来为大家带来更好的产品，提供更好的服务。做个小调查，你期待花西子出什么价位的产品？你期待花西子出什么价位的产品？,,,,"你期待花西子出什么价位的产品,花西子发声",305,1912,386462,2023-09-19 18:35,微博网页版,,,
4947834363972218,Nk4ocgFm2,7578464863,和提没有缘_,我投给了“我不会买花西子”~,,,,,0,0,386462,2023-09-19 23:58,HUAWEI Mate 10,,,4947753009679820
4947834354272744,Nk4obhVxe,3363828832,讨人厌的可爱女孩,#花西子发声#花西子的包装很丑真的很微商,,,,花西子发声,0,0,0,2023-09-19 23:58,iPhone客户端,,,
4947834345358277,Nk4oamtVP,7474459536,林林林林林潇瑾,#花西子发声#你到底想讲什么。。。,,,,花西子发声,0,0,0,2023-09-19 23:58,,,,
4947834284019248,Nk4o4gRAA,6496221706,吃啥啥光心大喵,#花西子发声#。。。。无话可说几块钱的眉笔一样得用国货能不能便宜好用#和朱志鑫一起秋日出行#,,,,"花西子发声,和朱志鑫一起秋日出行",0,0,0,2023-09-19 23:58,鑫鑫的心里Android,,,
4947834283491985,Nk4o4eEql,5281989678,小马奔腾不息的小马,#花西子发声#建议花西子断臂求生！,,,,花西子发声,0,0,2,2023-09-19 23:58,iPhone客户端,"['https://wx2.sinaimg.cn/large/005LsGNUgy1hi2c0wit65j30hs0403z3.jpg', 'https://wx4.sinaimg.cn/large/005LsGNUgy1hi2c0wtor0j30hs04bgm0.jpg']",,
4947738510229678,Nk1TB0XKu,6336556296,花西子Florasis,感谢大家一直以来对花西子的关注和支持，抱歉我们来晚了，有几句掏心窝子的话想跟大家说。,,,,,12795,52091,927110,2023-09-19 17:37,微博网页版,['https://wx4.sinaimg.cn/large/006UPxKUgy1hi20xhqryqj30u014018u.jpg'],,
4947834262260205,Nk4o29tYV,5309239584,桃河烈女,哈哈哈哈哈哈哈//@不是火影忍者粉丝:花西子上小学的时候考试题目不会做，就在答卷上写国货万岁，没有老师敢判错,,,不是火影忍者粉丝,,0,0,927110,2023-09-19 23:57,Redmi Note 11T Pro,,,4947738510229678
4947834248892450,Nk4o0BjkC,6765104896,深夜开e的狐狸,#花西子发声#不如不说,,,,花西子发声,0,0,0,2023-09-19 23:57,iPhone客户端,,,
4947834215861024,Nk4nXoAIE,7390358807,夏日至向信,#花西子发声##和朱志鑫一起秋日出行#,,,,"花西子发声,和朱志鑫一起秋日出行",0,0,0,2023-09-19 23:57,,,,
4947834202752889,Nk4nWby9r,7810584344,我家有万顷胡萝卜田,#花西子发声#……,,,,花西子发声,0,0,0,2023-09-19 23:57,荣耀X10 5G,,,
4947834190168808,Nk4nV0HUI,6546690987,用户6546690987,花西子来咯，体验一波～,,,,,0,0,85794,2023-09-19 23:57,真我GT Neo5,,,4947752490635426
4947834169461676,Nk4nSDHpG,6608568124,得意须尽欢____,#花西子发声#不管你是什么，首先应该考虑消费者，是这样。品牌应该要懂可持续发展。,,,,花西子发声,0,0,0,2023-09-19 23:57,微博 HTML5 版,,,
4947834149276649,Nk4nQCVhn,3971246498,氢氧化铜_面包侠,中国家长就像是花西子厂家，79的感情只值4.5的成本，被叫李佳琦的情绪中间商赚走了差价后，反倒怪自己的孩子怎么不能体谅他们,,,,,0,0,0,2023-09-19 23:57,nova4自拍极点全面屏,,,
4947834148753270,Nk4nQAJ7M,7308480308,-望舒白榆-,#花西子发声#已阅，不大理解,,,,花西子发声,0,0,1,2023-09-19 23:57,碗盆乖女的Android,,,
4947834129091428,Nk4nOC95W,7493667925,云养鸡--农村精准扶贫,抽奖@花西子Florasis,,,花西子Florasis,,0,0,85794,2023-09-19 23:57,K30 至尊纪念版,,,4947752490635426
4947834111526565,Nk4nN6p81,7774905348,日落诶-,#花西子发声#说了跟没说一样，反正不会买还是，笑死我了,,,,花西子发声,0,0,1,2023-09-19 23:57,iPhone 11,,,
4947834111788107,Nk4nN7var,5849623059,komore_78000,#花西子发声#你掏啥心窝子了，你不是都掏给李佳琦了吗。还不如ai写得好呢,,,,花西子发声,0,0,3,2023-09-19 23:57,HarmonyOS设备,,,
4947834090555849,Nk4nL2kBj,2646510261,不酸的宁萌萌,#花西子发声#国货不容易，国人就容易吗？,,,,花西子发声,0,0,0,2023-09-19 23:57,Android,,,
4947834077708670,Nk4nJwlno,7740084377,_宿命演奏家,#花西子发声#说了但没完全说,,,,花西子发声,0,0,0,2023-09-19 23:57,美乐蒂的音符,,,
4947834052284142,Nk4nH9Ad0,6434753601,橄榄油爱做作业,#花西子发声#居然想用“国货”来道德绑架我,,,,花西子发声,0,0,2,2023-09-19 23:57,nova11系列敢拍敢出色,,,
4947834027116122,Nk4nEtRea,7201860456,暖暖小珠包,让我试一下花西子到底怎么样，值不值得@花西子Florasis,,,花西子Florasis,,0,0,85795,2023-09-19 23:57,vivo Y77,,,4947752490635426
4947834015059996,Nk4nDlekQ,5727172661,神经病治疗手记-放弃治疗版,#花西子发声#简单点说话的方式简单点,,,,花西子发声,0,0,4,2023-09-19 23:56,门崽搞笑女的日常,,,
4947834007194024,Nk4nCubuE,7469154229,项前进85,#花西子发声#,,,,花西子发声,0,0,85795,2023-09-19 23:56,iPhone客户端,,,4947752490635426
4947834005883070,Nk4nCoGse,6445310608,鸣上ukyo,//@洛梅笙:所以说李佳琦就是国贼，他打着帮助国货，给消费者争取最惠的旗号，实际上是对实业和消费者的两头吸血，有些人也别说李佳琦或花西子谁更冤，他们就是一个利益链的共同体。至于李佳琦的脑残粉为什么至今对他劫富济贫的说法深信不疑，应该跟耽粉催眠一样的“女权”就是个遮羞布,,,洛梅笙,,0,0,12823,2023-09-19 23:56,HUAWEI Mate 40 Pro,,,4947681836796110
4947833935626314,Nk4nvnBF0,1864856880,胡扯鸡蛋,【#你能接受花西子道歉吗#】#花西子发声#9月19日，花西子官方发布给公众的一封信，这也是花西子首次发声。信中，花西子表示在过去一周里，受到了全网极大的关注，感到“诚惶诚恐，手足无措”，但已记录网友意见，正根据网友的相关意见一一比照、修正和提升，未来为大家带来更好的产品，提供更好的服务。信的末尾，花西子表示“脚踏实地，行稳致远；百花齐放，国货自强”。#你期待花西子出什么价位的产品#你能接受花西子道歉吗？,,,,"你能接受花西子道歉吗,花西子发声,你期待花西子出什么价位的产品",0,0,0,2023-09-19 23:56,HUAWEI Mate 20 Pro,,,
4947833922522233,Nk4nuaA9b,7772767491,rinrin赵酱酱,今天还在毛概老师课堂上面聊到花西子～,,,,,0,0,85795,2023-09-19 23:56,iPhone客户端,,,4947752490635426
4947833917539347,Nk4ntvDkn,2127943265,ZZ要早睡不熬夜,#花西子发声#马上双十一了懂的自然懂少点推广少在包装上弄些花里胡哨的造型多注重产品不是觉得79元贵而是这79元花的值不值消费者买的是化妆品不是工艺品,,,,花西子发声,0,2,1,2023-09-19 23:56,iPhone客户端,,,
4947833864323185,Nk4noi8EN,3025150847,可爱张要吃冰,#花西子发声#前段时间刚买了花西子的散粉和气垫，我不怎么化妆，这两个用起来感觉也还好，一百多是我能接受的价位，结果后面被朋友科普他家克数比有些国际牌子要小，所以综合可能价格也差不多。对我来说用花西子还是用香奈儿差别不大，因为我皮肤还不错化妆技术又很烂。但是，他的态度我觉得是让人不舒服的，从李佳琦道歉到花西子声明，他们始终没有意识到消费者在愤怒什么，这种愤怒也不是道个歉发个声明就能消除的。,,,,花西子发声,0,0,0,2023-09-19 23:56,iPhone客户端,,,
4947833839157541,Nk4nlCqih,6723512378,重生坐家焱焱焱,哈哈哈//@洛梅笙:所以说李佳琦就是国贼，他打着帮助国货，给消费者争取最惠的旗号，实际上是对实业和消费者的两头吸血，有些人也别说李佳琦或花西子谁更冤，他们就是一个利益链的共同体。至于李佳琦的脑残粉为什么至今对他劫富济贫的说法深信不疑，应该跟耽粉催眠一样的“女权”就是个遮羞布,,,洛梅笙,,0,0,12823,2023-09-19 23:56,别cue你爹Android,,,4947681836796110
4947833834178207,Nk4nlhwWr,7527403851,石头石头哇,还没有买过花西子嘞试试,,,,,0,0,85791,2023-09-19 23:56,HarmonyOS Device,,,4947752490635426
4947833809535949,Nk4niE0JD,6983879122,我站奈桔,阴阳师天照我们阴阴师也有自己的花西子呢,,,,,0,0,6,2023-09-19 23:56,阴阳师天照超话,['https://wx4.sinaimg.cn/large/007CDDZEly1hi2bz2cf5nj30m80m8jvu.jpg'],,
4947833796431471,Nk4nhqZ7p,7542186296,全五音,这个问题的关键确实在李某琦本身，如果花西子不回应也就罢了，但是他回应了的话，就不应该这样似是而非了，所有人都明白这个事情生气的点在哪里，但是它的回应又完全不提那个点，同时和李某琦一样句句不离国货二字，这不是和李某人做法一致吗，属实有种让人吞了苍蝇的恶心感。,,,,,0,0,927111,2023-09-19 23:56,iPhone客户端,,,4947738510229678
4947833742427291,Nk4ncabrR,7862591184,糊涂不了一点_,#花西子发声#这。。。说了啥,,,,花西子发声,0,0,0,2023-09-19 23:55,舞门永存Android,,,
4947833659330849,Nk4n3D9nz,5391312282,晚枫如歌,#花西子发声#看不懂的，省流版来了！#花西子#,,,,"花西子发声,花西子",0,1,14,2023-09-19 23:55,王者荣耀超话,['https://wx1.sinaimg.cn/large/005SRoBIgy1hi2byecxrzj30zo256dob.jpg'],,
4947833645961577,Nk4n2p0St,5657128251,·俗世·,#花西子发声#通篇都是官方的废话！比我的毕业论文还要假,,,,花西子发声,0,0,7,2023-09-19 23:55,vivo S15,,,
4947833645436428,Nk4n2mOgk,7530469071,剥个橘子吗,#花西子发声#？,,,,花西子发声,0,0,0,2023-09-19 23:55,微博轻享版,['https://wx2.sinaimg.cn/large/008dD50zly1hi2byh1v0sj30wi0oe0zx.jpg'],,
4947833644912454,Nk4n2kBX8,7464621147,CYL_乘以六,花西子一直把古典之美和东方元素融合的很好，想体验更多产品，这次的抽奖让我中中中！！！,,,,,0,0,85791,2023-09-19 23:55,HUAWEI P40 5G,,,4947752490635426
4947833629966782,Nk4n0FOOy,3181842932,陈皮-橘红,前两年三八节，花西子在广州举办过女子30公里越野赛，本人有幸目睹过。做尖端国货，为女性加油！顺便说一句，我也用你家的眉笔。,,,,,0,0,85791,2023-09-19 23:55,nova5Pro人像超级夜景,,,4947752490635426
4947833587762101,Nk4mWwzhb,1869837147,xrxsweet,花西子,,,,,0,0,85791,2023-09-19 23:55,iPhone客户端,,,4947752490635426
4947767174108468,Nk2DPheNC,2382356540,江宁婆婆,#花西子发声#↙️原版经我反复阅读后的精炼脱水版↘️,,,,花西子发声,1017,1607,58735,2023-09-19 19:31,丝般顺滑的HarmonyOS设备,"['https://wx3.sinaimg.cn/large/8dffe03cly1hi24bj7gmrj20qo0zk102.jpg', 'https://wx1.sinaimg.cn/large/8dffe03cly1hi24bjss19j20qo0zkmyg.jpg']",,
4947833586188711,Nk4mWpXXV,3950019388,虚幻星空_沐枫,//@喜欢听雨声睡觉的居居:哈哈哈哈哈哈哈哈哈花西子在摆花架子在搞花肠子//@_鄭在愛_:他们这篇回复和产品一样：过度包装。一看净含量：0.07g。,,,"喜欢听雨声睡觉的居居,_鄭在愛_",,0,0,58735,2023-09-19 23:55,微博轻享版,,,4947767174108468
4947833558667989,Nk4mTAmWh,3178783184,Forever-顾小桃,#花西子发声#哦～睡吧,,,,花西子发声,0,0,0,2023-09-19 23:55,iPhone 11,,,
4947833553944621,Nk4mTgyaV,7246838815,恭迎芝心公主殿下,#花西子发声#贵成这样奢侈品都成了你的平替了#和朱志鑫一起秋日出行#,,,,"花西子发声,和朱志鑫一起秋日出行",0,2,0,2023-09-19 23:55,微博轻享版,,,
4947833540052369,Nk4mS0dCF,6993841368,暮雪寄予星,#花西子发声#怎么了，有人知道吗,,,,花西子发声,0,0,0,2023-09-19 23:55,vivo S1照亮你的美,,,
4947833498634678,Nk4mNAeh0,3518277082,宇宙小柠檬520,#花西子发声#你不如别说了。矛盾重重。,,,,花西子发声,0,0,0,2023-09-19 23:54,HUAWEI Mate 30,,,
4947833483166308,Nk4mMdhHu,7282474213,戾三刀,#花西子发声#有点像我的英语六级翻译,,,,花西子发声,0,0,0,2023-09-19 23:54,,,,
4947833469011796,Nk4mKBOny,5932772353,MGCLWB,#花西子发声#这说了跟没说有什么区别吗,,,,花西子发声,0,0,0,2023-09-19 23:54,HUAWEI Mate 40 Pro,,,
4947833423924240,Nk4mGgsSc,7598039416,花花酱是我老婆,#花西子发声#说了又好像什么都没说,,,,花西子发声,0,0,1,2023-09-19 23:54,iPhone客户端,,,
4947833419468416,Nk4mFDJao,7427076270,大下小君在此,花西子评论区演的吧,,,,,0,0,0,2023-09-19 23:54,浩翔妈咪的Android,,,
4947833374114700,Nk4mBhgq8,6052992276,冰淇淋又化啦,#花西子发声#看完概括：我是国货让让我,,,,花西子发声,0,0,2,2023-09-19 23:54,iPhone客户端,,,
4947833356028539,Nk4mzpiiv,7298837077,等云飘过中,#花西子发声#说了等于没说避重就轻,,,,花西子发声,2,8,24,2023-09-19 23:54,HUAWEI P30,,,
4947833297571899,Nk4mtvLNp,7391294091,滴上班打卡成功,@花西子,,,花西子,,0,0,85791,2023-09-19 23:54,iPad air,,,4947752490635426
4947833264539793,Nk4mqj30t,3944623433,貂方,#花西子发声#你还不如不发我真服了,,,,花西子发声,0,0,0,2023-09-19 23:53,,,,
4947833263753378,Nk4mqfKqm,1914720507,优惠券65428,花西子蚕丝蜜粉饼/干粉粉饼定妆控油(157)流放的记忆，在心底播放着回忆的旋律6--,,,,,0,1,0,2023-09-19 23:53,微博 HTML5 版,['https://wx2.sinaimg.cn/large/722050fbly8hi2bwvvma1j20fv0fvgqf.jpg'],,
4947833260869756,Nk4mq3Egk,5819618186,东南蛙趣,#台湾#@ETtoday新聞雲这也算亮点?#iPhone15与Pro该选谁##花西子发声#,,,ETtoday新聞雲,"台湾,iPhone15与Pro该选谁,花西子发声",0,0,12,2023-09-19 23:53,Android,"['https://wx1.sinaimg.cn/large/006lQwxsgy1hi2bwjyvdhj30qo0zo77a.jpg', 'https://wx1.sinaimg.cn/large/006lQwxsgy1hi2bwkcfynj30qo14wtcj.jpg', 'https://wx3.sinaimg.cn/large/006lQwxsgy1hi2bwkomjzj30fu0qo755.jpg']",,
4947833260085909,Nk4mq0mlD,5536418463,yiixhooo,还以为是一万份79红包//@花西子Florasis:谢谢大家的声音，花西子准备了一万份“花西币”和100份礼盒，免费给大家体验，征集使用体验。感兴趣的朋友可以看看这里：O网页链接,,,花西子Florasis,,0,0,927111,2023-09-19 23:53,Redmi K60,,,4947738510229678
4947833252480111,Nk4mpapbN,1911819074,首映礼,#近八成投票网友认为花西子道歉不真诚#同样是带货主播，为什么董宇辉能获得大众喜爱，李佳琦却遭人骂？#花西子发声#L首映礼的微博视频,,,,"近八成投票网友认为花西子道歉不真诚,花西子发声",0,0,7,2023-09-19 23:53,iPhone客户端,,"http://f.video.weibocdn.com/o0/iSzFRdYJlx088Jz4XQKQ010412021xU90E010.mp4?label=mp4_720p&template=1280x720.25.0&ori=0&ps=1BVp4ysnknHVZu&Expires=1696951853&ssig=60gZxS8poG&KID=unistore,video",
4947833251172139,Nk4mp4UVt,6663188851,梦不落雨还林,#花西子发声#国货都不容易，国货不会是护身符，既然做不好又凭什么让国货保护你一辈子,,,,花西子发声,0,0,0,2023-09-19 23:53,张峻豪女友Android,,,
4947833223120997,Nk4mmd5UF,5373553475,柯言的邮箱,“我的确不开心，但我连表达不开心的欲望都没有。”#花西子发声#,,,,花西子发声,0,0,1,2023-09-19 23:53,SVIP推荐官,,,
4947833214731200,Nk4mljQNG,2291419984,别关注我球球您了,//@听装冰镇可口可乐之再来一听:我写论文belike//@赛博活尸://@纯爱小狗大王://@不是火影忍者粉丝:花西子上小学的时候考试题目不会做，就在答卷上写国货万岁，没有老师敢判错,,,"听装冰镇可口可乐之再来一听,赛博活尸,纯爱小狗大王,不是火影忍者粉丝",,0,0,927111,2023-09-19 23:53,Redmi K50 Pro,,,4947738510229678
4947833202147642,Nk4mk90Ho,7385117176,马华橙子,中一个花西子币,,,,,0,0,85791,2023-09-19 23:53,小米11 青春版,,,4947752490635426
4947833172266330,Nk4mh9vzI,5373553475,柯言的邮箱,“突如其来的脾气，往往是积攒了好久的委屈。”#花西子发声#,,,,花西子发声,0,0,0,2023-09-19 23:53,SVIP推荐官,,,
4947833159942894,Nk4mfFIBg,6894956034,身上有颗痣-,#花西子发声#怎么说呢。#和朱志鑫一起秋日出行#,,,,"花西子发声,和朱志鑫一起秋日出行",0,0,0,2023-09-19 23:53,棍咪的iPhone 13,,,
4947833154439387,Nk4mfiCT1,6897996432,不宅君,#花西子发声#我不是特别明白，矛盾点为什么到了这里？,,,,花西子发声,0,0,1,2023-09-19 23:53,iPhone 13 Pro,,,
4947833142906178,Nk4mecc1Q,5255383384,藏身于薄雾之中,国货加油！希望花西子能够不忘初心，继续加油，越做越强！,,,,,0,0,85791,2023-09-19 23:53,OPPO K3 硬核少年,,,4947752490635426
4947833116690403,Nk4mbs4tJ,6993841368,暮雪寄予星,#花西子发声#怎么了怎么了，为什么发声？,,,,花西子发声,0,0,0,2023-09-19 23:53,vivo S1照亮你的美,,,
4947833095979551,Nk4m9p5yn,3204121571,是个小阿明,#花西子发声#一花西币是我好几个小时的时薪,,,,花西子发声,0,0,0,2023-09-19 23:53,vivo X90,,,
4947758291881144,Nk2pv7Tn2,1496814565,封面新闻,【#你接受花西子的道歉吗#？】9月19日，#花西子发声#，表示“诚惶诚恐，手足无措”，对大家说一声抱歉，正根据网友的相关意见一一比照、修正和提升。#你接受花西子道歉吗#？,,,,"你接受花西子的道歉吗,花西子发声",9,31,5541,2023-09-19 18:56,微博网页版,,,
4947833087332061,Nk4m8uLp3,5102717274,雪儿淘气包,我投给了“不接受，感觉不到诚意”~我对于花西子的抗拒来自于它把心思放在了怎么糊弄国人，怎么尽可能地挣国人更多的钱上面。没有这次事件，不会知道没有高额进口税款的国货，反而更贵的隐藏真相。,,,,,0,0,5541,2023-09-19 23:53,小米11 Pro,,,4947758291881144
4947833042765463,Nk4m4bBqf,7564910601,淑女婉妹-,#花西子发声#这说了等于没说啊,,,,花西子发声,0,1,0,2023-09-19 23:53,Android,,,
4947833042503287,Nk4m4avdB,3699856965,-是你的苏小咩-,#花西子发声#我第一次从一个品牌的声明里懂了什么叫废话文学仿佛看到了我的水课论文好像什么都说了实际什么都没说🤣感觉更容易走向倒闭了祝你成功吧,,,,花西子发声,0,0,1,2023-09-19 23:53,HUAWEI Mate 30 5G,['https://wx1.sinaimg.cn/large/dc875645ly1hi2buti2ncj20u0140wqa.jpg'],,
4947833041191035,Nk4m44ZQf,7277626011,西瓜汁·,#花西子发声#自我介绍介绍的很好，下次不用介绍了。双十一我去支持别家国货了，国货品牌确实不容易，但不是少了你花西子天就会塌下来。,,,,花西子发声,0,0,0,2023-09-19 23:53,iPhone客户端,,,
4947833029658829,Nk4m2EwHz,5912285865,我爱吃多肉葡萄,#花西子发声#废话文学,,,,花西子发声,0,0,1,2023-09-19 23:53,🍇iPhone 12,,,
4947832983784905,Nk4lYfSCR,7054078535,会一直陪在他身边,#花西子发声#已阅，与我无瓜,,,,花西子发声,0,0,1,2023-09-19 23:52,健次老婆的Android,,,
4947832974346035,Nk4lXieBl,7385117176,马华橙子,中一个小花西子币,,,,,0,0,927112,2023-09-19 23:52,小米11 青春版,,,4947738510229678
4947832969890293,Nk4lWFuUR,7538102274,怜爱芙蝶,#花西子发声#道德绑架啊！,,,,花西子发声,0,0,0,2023-09-19 23:52,Android,,,
4947832936859713,Nk4lTsMwx,1053467021,E要健康快乐呀,试试能不能中一个花西子,,,,,0,0,85791,2023-09-19 23:52,荣耀30 Pro 5G,,,4947752490635426
4947832928470931,Nk4lSzxFV,7763576103,芝士番茄螃蟹,#花西子发声#还没用过,,,,花西子发声,0,0,0,2023-09-19 23:52,AlwaysNO.1Android,,,
4947832920084366,Nk4lS0lWK,6220615972,闲13234,#花西子发声#国货很了不起是吧，你是国货就得捧着你让着你，你弱你贵你不行你有理，服了，打不起躲得起，以后看见花西子这三个字我都绕着走，行了吧。,,,,花西子发声,0,0,0,2023-09-19 23:52,OPPO Find X6,,,
4947832907237358,Nk4lQumLA,6803152413,男怜八,#花西子发声#。好难评啊我祝你成功,,,,花西子发声,0,1,2,2023-09-19 23:52,你妈死了iPhone 13 Pro,,,
4947832899900611,Nk4lPFxBh,3227030002,涧hu寂无人,#花西子发声#第一次见普通一个发声有6亿多的阅读量，上网少了。,,,,花西子发声,0,0,0,2023-09-19 23:52,OPPO随光而变R17 Pro,,,
4947832873420800,Nk4lNelUc,5819618186,东南蛙趣,#台湾#蛙苠又嗨起来了……#花西子发声#,,,,"台湾,花西子发声",1,6,8,2023-09-19 23:52,Android,"['https://wx2.sinaimg.cn/large/006lQwxsgy1hi2buw95mkj30qo11v0xu.jpg', 'https://wx2.sinaimg.cn/large/006lQwxsgy1hi2buwtax9j30nm1d7n0y.jpg', 'https://wx2.sinaimg.cn/large/006lQwxsgy1hi2bux6dc4j30nm1d1jui.jpg', 'https://wx1.sinaimg.cn/large/006lQwxsgy1hi2buxm4a2j30nm1cyad9.jpg', 'https://wx3.sinaimg.cn/large/006lQwxsgy1hi2buy3erzj30nm1cr0vi.jpg', 'https://wx2.sinaimg.cn/large/006lQwxsgy1hi2buyi8bej30nm1cr425.jpg']",,
4947832861098870,Nk4lM4BRI,6784840448,神奈依子,#花西子发声#真的笑了,,,,花西子发声,0,0,0,2023-09-19 23:52,iPhone客户端,,,
4947832840653619,Nk4lK2K2f,6295287140,听装冰镇可口可乐之再来一听,我写论文belike//@赛博活尸://@纯爱小狗大王://@不是火影忍者粉丝:花西子上小学的时候考试题目不会做，就在答卷上写国货万岁，没有老师敢判错,,,"赛博活尸,纯爱小狗大王,不是火影忍者粉丝",,2,0,927112,2023-09-19 23:52,iPhone客户端,,,4947738510229678
4947832803690646,Nk4lGfu6y,6556133700,我是_良辰,#花西子发声#有时候觉得，国货做不起来是有原因的……,,,,花西子发声,0,0,1,2023-09-19 23:52,小米10 Pro,,,
4947832757027994,Nk4lBtuiK,7766119168,拒绝罗夏求婚99次,#花西子发声#买不起,,,,花西子发声,0,0,1,2023-09-19 23:51,iPhone客户端,,,
4947832756243513,Nk4lBqcdP,6379581173,难免违心i,#花西子#,,,,花西子,0,0,85791,2023-09-19 23:51,真我Q3s,,,4947752490635426
4947832735533489,Nk4lzndvP,5274869362,-芝士烤焦饼,#花西子发声##和朱志鑫一起秋日出行#厉害,,,,"花西子发声,和朱志鑫一起秋日出行",0,0,0,2023-09-19 23:51,OPPO A35,,,
4947832723212009,Nk4lydtAB,7012215143,搞笑笔记君,#花西子发声#蜂花半夜悄悄在花西子耳边说，你倒闭了你的纸箱能给我吗国货不容易谁还不是国货我也是…鉴于我不是这方面的专家，但我还是想要发表一下我的观点，在我仔细看过你的问题经过长时间的思考后，我其实也不知道要怎么回答，正如我一开始说的，我不是这方面的专家。,,,,花西子发声,0,2,6,2023-09-19 23:51,笔记君HarmonyOS设备,,,
4947832714562944,Nk4lxj91S,6313344510,小朋友也算爱情吗,#花西子发声#哎呦我看到你第三段就不想看了你不如不发呢。。。,,,,花西子发声,0,0,1,2023-09-19 23:51,nova 5i Pro,,,
4947832702503144,Nk4lwavbi,5325518687,for-ux,拿出俺的花西子眉笔等待中奖查看图片,,,,,0,0,85791,2023-09-19 23:51,iPhone客户端,,,4947752490635426
4947832690183345,Nk4lv0LHb,7799248010,零碎系,#花西子发声#“他把时代的红利，错误的归结为自己的努力，更错误的被幸存者偏差视角蒙蔽，去咒骂那些时代洪流下无能为力的普通人。”,,,,花西子发声,0,1,1,2023-09-19 23:51,与justin冬天的第一场雪,,,
4947832655843043,Nk4lrow2D,7295788257,一年只能改一次名字啊啊啊,@花西子Florasis#花西子发声#,,,花西子Florasis,花西子发声,0,0,85791,2023-09-19 23:51,荣耀50 Pro 5G,,,4947752490635426
4947832638800418,Nk4lpAVoe,7779647401,浔冬念禹,#花西子发声#发了个寂寞。,,,,花西子发声,0,0,0,2023-09-19 23:51,麦芒 20 无畏生长,,,
4947832627527683,Nk4lovAif,5618950547,赛博活尸,//@纯爱小狗大王://@不是火影忍者粉丝:花西子上小学的时候考试题目不会做，就在答卷上写国货万岁，没有老师敢判错,,,"纯爱小狗大王,不是火影忍者粉丝",,3,0,927112,2023-09-19 23:51,数据海底旧Android,,,4947738510229678
4947832621760739,Nk4lo7o31,6156485049,舒殊Q,#花西子发声#没有一句重点，全片废话，还掏心窝子呢，你这是没话找话，更败好感了,,,,花西子发声,0,0,0,2023-09-19 23:51,iPhone 14 Plus,,,
4947832581131913,Nk4lk4KsF,2011623623,Ilian宝宝,其实花西子真的挺精致的，我很喜欢百鸟朝凤,,,,,0,0,85791,2023-09-19 23:51,HUAWEI P50 Pro,,,4947752490635426
4947832575886833,Nk4ljoHqV,3702738275,贝和咨询owen0611,#花西子发声#傲慢与偏见,,,,花西子发声,0,0,1,2023-09-19 23:51,,,,
4947832559895556,Nk4lhFwhK,7768907422,月亮睡不醒my,#花西子发声#给我把国庆假期打到79,,,,花西子发声,0,0,1,2023-09-19 23:51,vivo手机,,,
4947832543643975,Nk4lgfhXN,6089538653,在阳光下的金鱼姬,#花西子发声#有点良心也不会和李佳琦联合抬价还王婆卖瓜自卖自夸说全网最低李佳琦不占股他能这么卖命七天有八天都在推花西子啊最后还被叼杠的韭菜的一生,,,,花西子发声,0,0,2,2023-09-19 23:51,iPhone 14 Pro Max(暗紫色),,,
4947832533418059,Nk4lfelbZ,7264232217,Iwillalsobeweak,希望花西子有路转粉的品质,,,,,0,0,85791,2023-09-19 23:51,OnePlus 8T,,,4947752490635426
4947832530797818,Nk4lf3ly2,6481998850,我有很多花样,花西子时隔一周的回应感觉就像是去现找文案老师了（无恶意...）,,,,,0,0,0,2023-09-19 23:51,三星Galaxy S22+,,,
4947832525554992,Nk4lenj6E,1264471624,lineh_随心,#花西子发声#没用过,,,,花西子发声,0,0,3,2023-09-19 23:51,邓伦的灯芯Android,,,
4947832513759651,Nk4ldfM3x,7779916904,缺一只小狗,#花西子发声#(ง•̀_•́)ง,,,,花西子发声,0,1,85791,2023-09-19 23:51,vivo S15e,,,4947752490635426
4947832512975643,Nk4ldcu6f,6899434608,薯片香菜味,#花西子发声#还不如不说,,,,花西子发声,0,0,0,2023-09-19 23:51,iPhone客户端,,,
4947832510089747,Nk4ld0nlx,6348008310,雯同学很棒吖,@花西子Florasis,,,花西子Florasis,,0,0,85791,2023-09-19 23:50,nova6 5G自拍大不一样,,,4947752490635426
4947832509040949,Nk4lcBVXL,2001004045,YandereAnn,#花西子自称是地地道道的国货#你知道要说什么。,,,,花西子自称是地地道道的国货,0,0,0,2023-09-19 23:50,小米10 Pro,['https://wx1.sinaimg.cn/large/7744e60dly1hi2btre73qj20fu0f6q3g.jpg'],,
4947832495672583,Nk4lbnNHh,6142174820,合肥米姐,花西子送大奖啦,,,,,0,0,85791,2023-09-19 23:50,OPPO Reno8 5G,,,4947752490635426
4947832493310862,Nk4lbdTj0,7768907422,月亮睡不醒my,#花西子发声#一鲸落万物生,,,,花西子发声,0,0,1,2023-09-19 23:50,vivo手机,,,
4947832451105529,Nk4l74DB7,7775169799,凉拌鲁西迪西,#花西子发声#回应了什么？发声了什么？,,,,花西子发声,0,0,0,2023-09-19 23:50,iQOO Neo5S 双芯旗舰,,,
4947832441408418,Nk4l65Uoq,6706027934,o男人一生只哭三次o,#花西子发声#你把所有商品国庆的时候买79看看,,,,花西子发声,0,0,1,2023-09-19 23:50,OPPO A97 5G,,,
4947832434592139,Nk4l5jgCL,7865634715,你是谁一点不重要,花西子的说明说了跟没说一样，但是算一个模板,,,,,0,0,0,2023-09-19 23:50,荣耀70 Pro 5G,,,
4947832416766591,Nk4l3soiz,5344088930,林深见璽,#花西子发声#发声了又好像没发声一样,,,,花西子发声,0,0,0,2023-09-19 23:50,小千要开心HarmonyOS设备,,,
4947832413359675,Nk4l3e60j,7504778046,嘟嘟旺仔_,#花西子发声#说了啥，反正买不起,,,,花西子发声,0,0,0,2023-09-19 23:50,Android,,,
4947832412570178,Nk4l3aMCu,7441005155,失眠叙禹,#花西子发声#emm...价格问题只字未谈，只是在强调“国货”，可是比你不容易的国货有很多哦他们不会说是我们工作不努力诶,,,,花西子发声,0,0,0,2023-09-19 23:50,真我X7 Pro 5G,['https://wx3.sinaimg.cn/large/0087zHmbgy1hi2btd4rtlj30u0140wuq.jpg'],,
4947832408117239,Nk4l2y3Fd,6427548549,玫瑰寄词小泽,#花西子发声#哦你发你的,,,,花西子发声,0,0,0,2023-09-19 23:50,Note 9,,,
4947832404968987,Nk4l2kQEX,7750444601,1224494847448jshdhdhj,选我，我正好没用过花西子，看看你们值不值得我以后购买,,,,,0,0,85791,2023-09-19 23:50,HUAWEI P50E,,,4947752490635426
4947832399990941,Nk4l1FV6d,5194031573,喝醉的鲸鱼kk,花西子你这些年💰是没少赚🍎里全是水/军,,,,,0,0,0,2023-09-19 23:50,🐳的iPhone 14 Pro Max,,,
4947776733970974,Nk2TfgF1Y,1980768563,霜叶,#花西子发声#我这辈子还没见过把这么长一篇公关文写得这么完美，一点有用信息都没有的……,,,,花西子发声,71,84,2496,2023-09-19 20:09,,,,
4947832382949263,Nk4l0cneL,2853906454,邓行行行,真的……洋洋洒洒几百字一点信息都没有，花西子说来干嘛呢…让大家夸它有个好公关吗//@专业戳轮胎熊律师:确实，看后有种文青版老胡主笔的感觉……,,,专业戳轮胎熊律师,,0,0,2496,2023-09-19 23:50,iPhone客户端,,,4947776733970974
4947832363026373,Nk4kYcHit,2242582842,鼓鼓小可爱呀,#花西子发声#好像有人扒出来花西子就是李佳琦的？他不是老板娘,,,,花西子发声,0,2,4,2023-09-19 23:50,iPhone客户端,['https://wx2.sinaimg.cn/large/85ab193agy1hi2bssd36gj20n01dsao4.jpg'],,
4947832345204658,Nk4kWlPY6,5098978271,实用性绿豆泥,#花西子发声#吃尽国货红利，也没见你们到底在研发上有多用心,,,,花西子发声,0,0,1,2023-09-19 23:50,不被定义的iPhone 13,,,
4947832328688036,Nk4kUAs9C,7671301306,仲树tree,花西子花西子,,,,,0,1,14,2023-09-19 23:50,花西子超话,['https://wx3.sinaimg.cn/large/008n9ZUely1hi2bt0xnf5j30qo0we7bk.jpg'],,
4947832312171382,Nk4kT96Si,7848075802,猪猪鑫49921,#你期待花西子出什么价位的产品#【#花西子发声#】9月19日，花西子官方发布给公众的一封信，这也是花西子首次发声。信中，花西子表示在过去一周里，受到了全网极大的关注，感到“诚惶诚恐，手足无措”，但已记录网友意见，正根据网友的相关意见一一比照、修正和提升，未来为大家带来更好的产品，提供更好的服务。#和朱志鑫一起秋日出行#,,,,"你期待花西子出什么价位的产品,花西子发声,和朱志鑫一起秋日出行",0,0,0,2023-09-19 23:50,iPhone客户端,,,
4947832304306032,Nk4kSi4c8,1794090053,王瑾瑜是学霸,#花西子发声#你别发声了，谁还不是国货了，俺也是国货,,,,花西子发声,0,4,15,2023-09-19 23:50,陈星旭的熬夜小能手,,,
4947832294344318,Nk4kRie9E,7295788257,一年只能改一次名字啊啊啊,花西子,,,,,0,0,85791,2023-09-19 23:50,荣耀50 Pro 5G,,,4947752490635426
4947832253449316,Nk4kNetk8,6191604322,李小粥的茶水间,#花西子豪掷1万份花西币#毫无诚意，甚至令人厌恶。“转发赠送1万份眉笔，外加100个美妆礼盒”，这活动非常拉胯，而且充满了心机。业内人士一看就知道，成本顶天20万（1万份眉笔的成本真没多少，别以79元的售价计算），这点钱，还没李佳琦一天的品牌坑位费和佣金多。花西子忙活了半天，把潜在客户都得罪完了，最后放了个大招企图安抚舆论，就这？？“你就用这个来考验客户？哪个客户经不起这样的考验！”说它有心机，是因为这活动加了个“转发”的限制，就是想要利用用户的影响力帮其扩散，省去了推广费用，这一来一回，几乎就没有投入成本，还让客户转发得十分别扭。这种心机和毫无诚意的操作，只能继续恶化品牌的口碑。一个品牌，可以给带货网红极高的佣金分成，却对消费者的反馈如此小气，往大了说，这是品牌价值观的事情，翻车只是迟早的事情。希望其他真正以国人消费者为中心的品牌，能早日替代掉那些不但不争气、还打着“国货”旗号的玩意儿。#你期待花西子出什么价位的产品#,,,,"花西子豪掷1万份花西币,你期待花西子出什么价位的产品",33,52,1185,2023-09-19 23:49,微博网页版,"['https://wx4.sinaimg.cn/large/006L1l7Qgy1hi2bqdawncj30fp0okn07.jpg', 'https://wx1.sinaimg.cn/large/006L1l7Qgy1hi2brckfklj30od0lb0zh.jpg']",,
4947832249780024,Nk4kMF2ek,7418100654,你好颖宝宝,花西子发声了，速来看看,,,,,0,0,85791,2023-09-19 23:49,vivo X60 蔡司影像,,,4947752490635426
4947748803838528,Nk2acg6zK,1642634100,新浪科技,#65%网友认为花西子应推出50元内产品#【#花西子发声#】9月19日，花西子官方发布给公众的一封信，这也是花西子首次发声。信中，花西子表示在过去一周里，受到了全网极大的关注，感到“诚惶诚恐，手足无措”，但已记录网友意见，正根据网友的相关意见一一比照、修正和提升，未来为大家带来更好的产品，提供更好的服务。#你期待花西子出什么价位的产品#L新浪科技的微博视频,,,,"65%网友认为花西子应推出50元内产品,花西子发声,你期待花西子出什么价位的产品",2187,7536,408534,2023-09-19 18:18,微博视频号,,"http://f.video.weibocdn.com/o0/S2LaI4M1lx088Jc1pxHO010412002nty0E010.mp4?label=mp4_720p&template=720x1280.24.0&ori=0&ps=1BVp4ysnknHVZu&Expires=1696953339&ssig=TLvJ3DTJlI&KID=unistore,video",
4947832228548625,Nk4kKzRT3,6034069432,演不出爱你所以别来找我谢绝打扰,回复@锦鲤六宝:哎呀网友真的是有才呀//@锦鲤六宝:蜂花半夜悄悄在花西子耳边说，你倒闭了你的纸箱能给我吗,,,锦鲤六宝,,0,0,408534,2023-09-19 23:49,Android,,,4947748803838528
4947832212032914,Nk4kJ8wQW,5819618186,东南蛙趣,#台湾#冥禁谠再一次站在了蛙苠们的对立面……#花西子发声#,,,,"台湾,花西子发声",0,1,1,2023-09-19 23:49,Android,['https://wx4.sinaimg.cn/large/006lQwxsgy1hi2bsj6cb7j30qo0opwg2.jpg'],,
4947832210720706,Nk4kJ31ui,7795438396,桃雾淮冠澪,#花西子发声#简单来说就是马上双11我是国货我还想捞💰家人们继续买,,,,花西子发声,0,0,3,2023-09-19 23:49,iPhone客户端,,,
4947832185292781,Nk4kGmcTr,7441005155,失眠叙禹,#花西子发声#很多人说花西子是国货，某些商品也很好用，所有人都非得把他逼到破产才行吗？有人科普一下花西子是从哪时候开始当国货的吗？你觉得花西子好你就买，无所谓的啊钱又不会分我一点儿，对于我来说我是不会再买这个牌子的，我会选择其他适合我这种不努力又能支付得起的国货！,,,,花西子发声,0,0,1,2023-09-19 23:49,真我X7 Pro 5G,['https://wx4.sinaimg.cn/large/0087zHmbgy1hi2bsfkul5j30u0140wuq.jpg'],,
4947832185291143,Nk4kGmct1,7027670120,耶波酷盖丫,她说要抽奖。作为一个没用过他家产品的人，有点吸引力。接下来看你会不会做咯。花西子奥,,,,,0,0,85791,2023-09-19 23:49,Android,,,4947752490635426
4947832174022130,Nk4kFgSl4,6079985714,想晒太阳0000011,我来了我来了我来了！一直种草花西子的蜜粉饼刚好想来试试！选我选我选我@花西子Florasis,,,花西子Florasis,,0,0,85791,2023-09-19 23:49,iPhone 13,,,4947752490635426
4947832136534041,Nk4kBrpNL,5883698208,坑里的狮子,#近八成投票网友认为花西子道歉不真诚#本来就不真诚吧其实他们可能真没觉得自己错只是迫于舆论迫不得已吧哎，没事，他们救了国货,,,,近八成投票网友认为花西子道歉不真诚,0,0,1,2023-09-19 23:49,iPhone 13,,,
4947832123163833,Nk4kAdh3z,2868867900,普通人七小树,不会化妆的人唯一的彩妆就是三年前买的花西子,,,,,0,0,85791,2023-09-19 23:49,iPhone客户端,,,4947752490635426
4947832077290042,Nk4kvuAtk,7809726843,枫桥淇夜_李莲花长命百岁版,#花西子发声#不如不发声纯纯废话文学,,,,花西子发声,0,0,4,2023-09-19 23:49,傅诗淇老婆Android,,,
4947832057102833,Nk4kttNLP,2868676035,财联社APP,【花西子发声：正根据网友的相关意见一一比照、修正和提升】L财联社CC新闻的微博视频,,,,,0,3,8,2023-09-19 23:49,微博视频号,,"http://f.video.weibocdn.com/o0/UdFxQtfslx088Jr8xWZy010412004VCH0E010.mp4?label=mp4_720p&template=720x1280.24.0&ori=0&ps=1BVp4ysnknHVZu&Expires=1696953547&ssig=Jr%2BN6sVZPY&KID=unistore,video",
4947832021979919,Nk4kq8j4b,7565222016,哎呀哈哈202102,#花西子发声#这声明写的像得奖宣言，先谦虚一下，感谢大家的支持和批评！然后吹嘘一波国货，最后展望一下未来！所以你到底在回应什么？？？全篇废话，没一点重点！,,,,花西子发声,0,0,0,2023-09-19 23:49,Redmi K40,,,
4947831947527954,Nk4kivAmC,7791661876,请回答12922,//@刘新征:花西子最早给李佳琦的佣金是100%，对，你没有看错，是100%。//@当大卫变成流萤飞火又变回大卫:谁给的数据？李佳琦佣金80%？,,,"刘新征,当大卫变成流萤飞火又变回大卫",,0,0,12823,2023-09-19 23:48,iPhone客户端,,,4947681836796110
4947831943859058,Nk4kigbUS,7463886680,淇淇淇淇yeysb,#花西子发声#滚,,,,花西子发声,0,0,2,2023-09-19 23:48,nova7Pro你在焦点在,,,
4947831909781127,Nk4keF2w7,7441005155,失眠叙禹,蜂花半夜悄悄在花西子耳边说，你倒闭了你的纸箱能给我吗,,,,,0,0,408534,2023-09-19 23:48,真我X7 Pro 5G,,,4947748803838528
4947831893267664,Nk4kddI4g,7435213218,凉遇初夏若安,#花西子发声#呵呵，发的是个啥？只字不提自己价格的问题，只是强调自己是国货……国货的品牌多了去了好吗？！,,,,花西子发声,0,0,3,2023-09-19 23:48,iPhone客户端,,,
4947831879894454,Nk4kbFvZY,2943279335,手机用户2943279335,这个世界上的每一个人都不容易，但我更相信善良，真实的人更多，相信相信的力量，花西子加油！！！,,,,,0,0,85791,2023-09-19 23:48,小米11 Pro,,,4947752490635426
4947831866527692,Nk4karo9m,7671576396,姐姐来辣,买过花西子的眉笔，确实还不错、但是也容易断是真的,,,,,0,0,85791,2023-09-19 23:48,iPhone客户端,,,4947752490635426
4947831845814362,Nk4k8ooA2,1075386602,魔法师哈尔,//@洛梅笙:所以说李佳琦就是国贼，他打着帮助国货，给消费者争取最惠的旗号，实际上是对实业和消费者的两头吸血，有些人也别说李佳琦或花西子谁更冤，他们就是一个利益链的共同体。至于李佳琦的脑残粉为什么至今对他劫富济贫的说法深信不疑，应该跟耽粉催眠一样的“女权”就是个遮羞布,,,洛梅笙,,0,0,12823,2023-09-19 23:48,HUAWEI Mate30 Pro 5G,,,4947681836796110
4947831837164112,Nk4k7u3Ic,1735761207,心沉則寧,花西子是少有的走出国门，能跟大牌化妆品pk的品牌。因为东西好没有溢价，它是走不到这一步，所以蜂花再好，也没办法跟大牌日化pk，不是它不想，是它不能。只要价格上去，很多人就会说它变了，会寻找下一个比它物廉价美的品牌，这就是老牌国货的困局。现在看似在捧国货的局，实际是在灭国货威风。,,,,,0,0,927112,2023-09-19 23:48,iPhone客户端,,,4947738510229678
4947831749348963,Nk4jYDe5J,6062041632,迷禄了,花西子,,,,,0,0,85791,2023-09-19 23:47,小米11 Pro,,,4947752490635426
4947831741746511,Nk4jY7klx,7210960001,zeziwoaini,支持，我一直用花西子的散粉,,,,,0,0,85791,2023-09-19 23:47,HUAWEI Mate 50E,,,4947752490635426
4947831715793359,Nk4jVoj7h,7643556231,永远快乐的猫,//@迟迟入戏:哈哈哈哈哈//@不是火影忍者粉丝:花西子上小学的时候考试题目不会做，就在答卷上写国货万岁，没有老师敢判错,,,"迟迟入戏,不是火影忍者粉丝",,0,0,927119,2023-09-19 23:47,微博网页版,,,4947738510229678
4947831687743067,Nk4jSwukb,6454574503,只道寻常-0330,国货当然要支持，自己买的第一支眉笔就是花西子的，但也希望倾听不同消费者的声音以后继续改进吧～,,,,,0,0,85791,2023-09-19 23:47,iPhone客户端,,,4947752490635426
4947831675158945,Nk4jRlE4N,6254758019,系我小天才,#花西子发声#前排评论认真的吗…,,,,花西子发声,0,0,0,2023-09-19 23:47,Redmi Note 8 Pro四摄,,,
4947831654188283,Nk4jPhzyX,7408990549,上林苑锦,#花西子发声#还行，其实定妆散粉挺好用的，虽然飞粉，但是确实持久和细腻。,,,,花西子发声,0,0,0,2023-09-19 23:47,iPhone客户端,,,
4947831653925656,Nk4jPgtf2,5160914597,E_Lvwenjie,@花西子Florasis,,,花西子Florasis,,0,0,85791,2023-09-19 23:47,iPhone客户端,,,4947752490635426
4947831649469879,Nk4jODJxZ,5820726681,爱吃啵啵鱼的洛文茵,花西子送眉笔了，你切尔西敢抽奖送球衣吗,,,,,0,0,85791,2023-09-19 23:47,Redmi K40S,,,4947752490635426
4947831616700600,Nk4jLs78c,2659562043,成都商报买够网,【#花西子道歉不够真诚不够实在#】#红星评花西子发声明#说到底，这封信既不够真诚也不够实在。9月19日，花西子官博发布了一封信，表示“感谢大家一直以来对花西子的关注和支持，抱歉我们来晚了，有几句掏心窝子的话想跟大家说”。其实，可以粗略地将这封451字的信分成三个部分：154字抱歉，218字宣传，12+67字套话。如果进行了这样的划分，就能清楚地感受到，这封信给人一种有些“鸡贼”的感觉，既不愿意清清楚楚地说明自身存在的问题，又想轻轻松松地从负面舆论中摆脱出来。或者再跳出花西子的这封信，将其和李佳琦的道歉放在一起，一个是简单抱歉后就宣传，一个是哭着道歉后就卖货，可谓如出一辙。舆论似乎不买账，李佳琦的道歉失败了，人们称之为“鳄鱼的眼泪”。花西子的如意算盘也打错了，目前舆论不仅不认可其“抱歉”方式，更添一份厌烦之情。说到底，这封信既不够真诚也不够实在。都说千百次了，真诚是永远的必杀技。既然都在“吸收大家的批评、意见和建议”，为何不针对一些大众关心的问题一一回应？既然“团队也在一一比照、修正和提升”，为何不一一展示？说了这么多，最后又来一句“无法一一回复”，难免被指避重就轻。花西子还说，“有几句掏心窝子的话想跟大家说”，这就是花西子所谓的“掏心窝子”吗？这样的操作，恐怕离“脚踏实地，行稳致远”更远了。#红星评花西子声明#O网页链接,,,,"花西子道歉不够真诚不够实在,红星评花西子发声明,红星评花西子声明",0,0,0,2023-09-19 23:47,微博云剪,['https://wx3.sinaimg.cn/large/9e85b23bly8hi2bq2fs1oj20j60pkad3.jpg'],,
4947831616177479,Nk4jLpV2L,1934380707,成都商报房产,【#花西子道歉不够真诚不够实在#】#红星评花西子发声明#说到底，这封信既不够真诚也不够实在。9月19日，花西子官博发布了一封信，表示“感谢大家一直以来对花西子的关注和支持，抱歉我们来晚了，有几句掏心窝子的话想跟大家说”。其实，可以粗略地将这封451字的信分成三个部分：154字抱歉，218字宣传，12+67字套话。如果进行了这样的划分，就能清楚地感受到，这封信给人一种有些“鸡贼”的感觉，既不愿意清清楚楚地说明自身存在的问题，又想轻轻松松地从负面舆论中摆脱出来。或者再跳出花西子的这封信，将其和李佳琦的道歉放在一起，一个是简单抱歉后就宣传，一个是哭着道歉后就卖货，可谓如出一辙。舆论似乎不买账，李佳琦的道歉失败了，人们称之为“鳄鱼的眼泪”。花西子的如意算盘也打错了，目前舆论不仅不认可其“抱歉”方式，更添一份厌烦之情。说到底，这封信既不够真诚也不够实在。都说千百次了，真诚是永远的必杀技。既然都在“吸收大家的批评、意见和建议”，为何不针对一些大众关心的问题一一回应？既然“团队也在一一比照、修正和提升”，为何不一一展示？说了这么多，最后又来一句“无法一一回复”，难免被指避重就轻。花西子还说，“有几句掏心窝子的话想跟大家说”，这就是花西子所谓的“掏心窝子”吗？这样的操作，恐怕离“脚踏实地，行稳致远”更远了。#红星评花西子声明#O网页链接,,,,"花西子道歉不够真诚不够实在,红星评花西子发声明,红星评花西子声明",0,0,0,2023-09-19 23:47,微博云剪,['https://wx4.sinaimg.cn/large/734c4ea3ly8hi2bq2nohoj20j60pk41j.jpg'],,
4947831611460517,Nk4jL67WJ,1915336122,成都商报旅游,【#花西子道歉不够真诚不够实在#】#红星评花西子发声明#说到底，这封信既不够真诚也不够实在。9月19日，花西子官博发布了一封信，表示“感谢大家一直以来对花西子的关注和支持，抱歉我们来晚了，有几句掏心窝子的话想跟大家说”。其实，可以粗略地将这封451字的信分成三个部分：154字抱歉，218字宣传，12+67字套话。如果进行了这样的划分，就能清楚地感受到，这封信给人一种有些“鸡贼”的感觉，既不愿意清清楚楚地说明自身存在的问题，又想轻轻松松地从负面舆论中摆脱出来。或者再跳出花西子的这封信，将其和李佳琦的道歉放在一起，一个是简单抱歉后就宣传，一个是哭着道歉后就卖货，可谓如出一辙。舆论似乎不买账，李佳琦的道歉失败了，人们称之为“鳄鱼的眼泪”。花西子的如意算盘也打错了，目前舆论不仅不认可其“抱歉”方式，更添一份厌烦之情。说到底，这封信既不够真诚也不够实在。都说千百次了，真诚是永远的必杀技。既然都在“吸收大家的批评、意见和建议”，为何不针对一些大众关心的问题一一回应？既然“团队也在一一比照、修正和提升”，为何不一一展示？说了这么多，最后又来一句“无法一一回复”，难免被指避重就轻。花西子还说，“有几句掏心窝子的话想跟大家说”，这就是花西子所谓的“掏心窝子”吗？这样的操作，恐怕离“脚踏实地，行稳致远”更远了。#红星评花西子声明#O网页链接,,,,"花西子道歉不够真诚不够实在,红星评花西子发声明,红星评花西子声明",0,0,0,2023-09-19 23:47,微博云剪,['https://wx1.sinaimg.cn/large/7229b5baly8hi2bq2aoqkj20j60pkjue.jpg'],,
4947831610934362,Nk4jL3V4m,1974335820,成都商报报料,【#花西子道歉不够真诚不够实在#】#红星评花西子发声明#说到底，这封信既不够真诚也不够实在。9月19日，花西子官博发布了一封信，表示“感谢大家一直以来对花西子的关注和支持，抱歉我们来晚了，有几句掏心窝子的话想跟大家说”。其实，可以粗略地将这封451字的信分成三个部分：154字抱歉，218字宣传，12+67字套话。如果进行了这样的划分，就能清楚地感受到，这封信给人一种有些“鸡贼”的感觉，既不愿意清清楚楚地说明自身存在的问题，又想轻轻松松地从负面舆论中摆脱出来。或者再跳出花西子的这封信，将其和李佳琦的道歉放在一起，一个是简单抱歉后就宣传，一个是哭着道歉后就卖货，可谓如出一辙。舆论似乎不买账，李佳琦的道歉失败了，人们称之为“鳄鱼的眼泪”。花西子的如意算盘也打错了，目前舆论不仅不认可其“抱歉”方式，更添一份厌烦之情。说到底，这封信既不够真诚也不够实在。都说千百次了，真诚是永远的必杀技。既然都在“吸收大家的批评、意见和建议”，为何不针对一些大众关心的问题一一回应？既然“团队也在一一比照、修正和提升”，为何不一一展示？说了这么多，最后又来一句“无法一一回复”，难免被指避重就轻。花西子还说，“有几句掏心窝子的话想跟大家说”，这就是花西子所谓的“掏心窝子”吗？这样的操作，恐怕离“脚踏实地，行稳致远”更远了。#红星评花西子声明#O网页链接,,,,"花西子道歉不够真诚不够实在,红星评花西子发声明,红星评花西子声明",0,0,2,2023-09-19 23:47,微博云剪,['https://wx4.sinaimg.cn/large/75adf94cly8hi2bq1ykl8j20j60pk77b.jpg'],,
4947831610673900,Nk4jL2Pjm,2191398120,成都商报美食,【#花西子道歉不够真诚不够实在#】#红星评花西子发声明#说到底，这封信既不够真诚也不够实在。9月19日，花西子官博发布了一封信，表示“感谢大家一直以来对花西子的关注和支持，抱歉我们来晚了，有几句掏心窝子的话想跟大家说”。其实，可以粗略地将这封451字的信分成三个部分：154字抱歉，218字宣传，12+67字套话。如果进行了这样的划分，就能清楚地感受到，这封信给人一种有些“鸡贼”的感觉，既不愿意清清楚楚地说明自身存在的问题，又想轻轻松松地从负面舆论中摆脱出来。或者再跳出花西子的这封信，将其和李佳琦的道歉放在一起，一个是简单抱歉后就宣传，一个是哭着道歉后就卖货，可谓如出一辙。舆论似乎不买账，李佳琦的道歉失败了，人们称之为“鳄鱼的眼泪”。花西子的如意算盘也打错了，目前舆论不仅不认可其“抱歉”方式，更添一份厌烦之情。说到底，这封信既不够真诚也不够实在。都说千百次了，真诚是永远的必杀技。既然都在“吸收大家的批评、意见和建议”，为何不针对一些大众关心的问题一一回应？既然“团队也在一一比照、修正和提升”，为何不一一展示？说了这么多，最后又来一句“无法一一回复”，难免被指避重就轻。花西子还说，“有几句掏心窝子的话想跟大家说”，这就是花西子所谓的“掏心窝子”吗？这样的操作，恐怕离“脚踏实地，行稳致远”更远了。#红星评花西子声明#O网页链接,,,,"花西子道歉不够真诚不够实在,红星评花西子发声明,红星评花西子声明",0,0,1,2023-09-19 23:47,微博云剪,['https://wx3.sinaimg.cn/large/829e14e8ly8hi2bq25uwsj20j60pkjue.jpg'],,
4947831610671415,Nk4jL2OFh,1700648435,成都商报,【#花西子道歉不够真诚不够实在#】#红星评花西子发声明#说到底，这封信既不够真诚也不够实在。9月19日，花西子官博发布了一封信，表示“感谢大家一直以来对花西子的关注和支持，抱歉我们来晚了，有几句掏心窝子的话想跟大家说”。其实，可以粗略地将这封451字的信分成三个部分：154字抱歉，218字宣传，12+67字套话。如果进行了这样的划分，就能清楚地感受到，这封信给人一种有些“鸡贼”的感觉，既不愿意清清楚楚地说明自身存在的问题，又想轻轻松松地从负面舆论中摆脱出来。或者再跳出花西子的这封信，将其和李佳琦的道歉放在一起，一个是简单抱歉后就宣传，一个是哭着道歉后就卖货，可谓如出一辙。舆论似乎不买账，李佳琦的道歉失败了，人们称之为“鳄鱼的眼泪”。花西子的如意算盘也打错了，目前舆论不仅不认可其“抱歉”方式，更添一份厌烦之情。说到底，这封信既不够真诚也不够实在。都说千百次了，真诚是永远的必杀技。既然都在“吸收大家的批评、意见和建议”，为何不针对一些大众关心的问题一一回应？既然“团队也在一一比照、修正和提升”，为何不一一展示？说了这么多，最后又来一句“无法一一回复”，难免被指避重就轻。花西子还说，“有几句掏心窝子的话想跟大家说”，这就是花西子所谓的“掏心窝子”吗？这样的操作，恐怕离“脚踏实地，行稳致远”更远了。#红星评花西子声明#O网页链接,,,,"花西子道歉不够真诚不够实在,红星评花西子发声明,红星评花西子声明",11,61,491,2023-09-19 23:47,微博云剪,['https://wx2.sinaimg.cn/large/001R5Kltly8hi2bq1siikj60j60pkad402.jpg'],,
4947831598877787,Nk4jJBfw7,6891093613,小雏菊雪人,几年前因为喜欢鞠婧祎所以买过你们的产品，希望你们不忘初心@花西子Florasis,,,花西子Florasis,,0,0,85791,2023-09-19 23:47,荣耀80 5G,,,4947752490635426
4947831577120711,Nk4jHtSqb,7683609175,悸迩屿恋,#花西子发声#滚。。。,,,,花西子发声,0,0,0,2023-09-19 23:47,嗑糖专属Android,,,
4947831569254772,Nk4jGCPAw,6576042339,咕噜咕噜麻麻咪,#花西子发声#我还以为把价格打下来了呢,,,,花西子发声,0,0,0,2023-09-19 23:47,iPhone客户端,,,
4947831565061342,Nk4jGleGy,2656613150,花夕玦,#花西子发声#听君一席话胜如听君一席话,,,,花西子发声,0,0,5,2023-09-19 23:47,Redmi Note 11 Pro+,,,
4947831552477053,Nk4jFaoot,5288762631,再就业男团必须上春晚啊啊啊啊啊,#花西子发声#哈哈哈哈哈哈道歉有个p用,,,,花西子发声,0,0,0,2023-09-19 23:47,微博轻享版,,,
4947769326305307,Nk2Hiqsiv,7725558586,断剑诗集, 踮起脚会缩短爱的距离，这样会不稳定；弯下腰获取平和，这样会很累；平视周围的景色吧，寻找美好，制造快乐，这，就是你的世界。,,,,,5,0,1,2023-09-19 19:39,,,,
4947831545135331,Nk4jElxVV,6478429987,玫瑰燃尽,#花西子发声#还是别发声了不如直接倒闭来得实在,,,,花西子发声,0,0,1,2023-09-19 23:47,iPhone客户端,,,4947769326305307
4947831544089530,Nk4jEh9Sa,6115380270,灵lingbaby,用过花西子的彩妆挺好用的，支持国货,,,,,0,0,85791,2023-09-19 23:47,Redmi K40,,,4947752490635426
4947831519445501,Nk4jBDDcN,7646865007,以-撒-拿-坡-里,//@不是火影忍者粉丝:花西子上小学的时候考试题目不会做，就在答卷上写国货万岁，没有老师敢判错,,,不是火影忍者粉丝,,0,0,927119,2023-09-19 23:47,HUAWEI Mate 40 Pro,,,4947738510229678
4947831494279514,Nk4jzhXiq,1430323103,清丽一夏,花西子，加油,,,,,0,0,85791,2023-09-19 23:46,iPhone客户端,,,4947752490635426
4947831459680107,Nk4jvECeL,6274958925,小九九810,#花西子发声#嗯怎么说呢不如不发,,,,花西子发声,0,0,6,2023-09-19 23:46,,,,
4947831455484209,Nk4jvn0GZ,7381268278,XQ七凉,中奖了就考虑原谅你//@花西子Florasis:谢谢大家的声音，花西子准备了一万份“花西币”和100份礼盒，免费给大家体验，征集使用体验。感兴趣的朋友可以看看这里：O网页链接,,,花西子Florasis,,0,0,927119,2023-09-19 23:46,Hi nova 9 Pro,,,4947738510229678
4947831443164585,Nk4judhfH,1873946612,潜意识操控,成也流量败也流量如果能化腐朽为力量也是一种能力#花西子发声#,,,,花西子发声,0,0,7,2023-09-19 23:46,iPhone客户端,,,
4947831431891524,Nk4jt7W4s,2823776192,王故里,花西子公关集体离职？？？李佳琦惹得祸，为什么公关背锅,,,,,1,2,1,2023-09-19 23:46,iQOO11S 亚运电竞用机,['https://wx4.sinaimg.cn/large/a84f67c0ly1hi2bo7uyklj20u00vodjw.jpg'],,
4947831430579558,Nk4jt2qLI,3153301830,Hijklmnopq_st__wxyz,好厉害//@十元钱钱酱:GPT版本的花西子声明评论配图,,,十元钱钱酱,,0,0,927120,2023-09-19 23:46,iPhone客户端,,,4947738510229678
4947831422191468,Nk4js9c6g,5873775965,虞城靖舫-,#花西子发声#。。用chatgpt写的吧，什么玩意儿,,,,花西子发声,0,0,6,2023-09-19 23:46,HUAWEI Mate 40 Pro,,,
4947831418259233,Nk4jryEBr,6673813148,Yxyf_fs,爱花西子抽我抽我,,,,,0,0,85791,2023-09-19 23:46,iPhone客户端,,,4947752490635426
4947831406988600,Nk4jqtk3m,5531738548,白萝卜呀我不吃,油菜//@不是火影忍者粉丝:花西子上小学的时候考试题目不会做，就在答卷上写国货万岁，没有老师敢判错,,,不是火影忍者粉丝,,0,0,927120,2023-09-19 23:46,小米10,,,4947738510229678
4947831405937073,Nk4jqoUvf,7328153995,乌龙葵花籽,努力一点，做成世界名牌，挣全世界的钱，加油！而且花西子这个名字多好听呀,,,,,0,0,85791,2023-09-19 23:46,Xiaomi Civi,,,4947752490635426
4947831401742690,Nk4jq7jlU,1857724162,段艺Danile134319,#花西子发声#哎～,,,,花西子发声,0,0,0,2023-09-19 23:46,iPhone客户端,,,
4947831394405809,Nk4jpiu9r,7622197788,初三版的茄猪,#花西子发声#我天，时团还在代言吗？只要不扯到他们就好,,,,花西子发声,0,5,9,2023-09-19 23:46,嘉茄老婆的iPhone客户端,,,
4947831388897766,Nk4joBkIm,7567848957,6钮枯禄嬛嬛,几年前就被室友安利过花西子的散粉，那时候的花西子还不是太出名！经过很多努力熬到了现在。对于这件事我只能说和品牌无关，并没有影响我对花西子的看法。希望花西子经过此次也能让大家重新体验不一样的花西子！期待加油。,,,,,0,1,85791,2023-09-19 23:46,iPhone客户端,,,4947752490635426
4947831386016770,Nk4jopfeG,6268377948,龐雪阿-,@花西子Florasis,,,花西子Florasis,,0,0,85791,2023-09-19 23:46,iPhone客户端,,,4947752490635426
4947831346692238,Nk4jks4Xk,5503593984,一六一九一,#花西子自称是地地道道的国货#国人支持了这么多年国货，也该轮到国货支持支持我们国人了吧,,,,花西子自称是地地道道的国货,0,0,0,2023-09-19 23:46,iPhone客户端,,,
4947831343547911,Nk4jkeSYn,6209092845,利刃空天,#花西子发声#要拿出诚意！评论区的态度很明确！,,,,花西子发声,0,0,8,2023-09-19 23:46,,['https://wx2.sinaimg.cn/large/006McIGNgy1hi2bo50ngoj30ku0zwjwj.jpg'],,
4947831326770625,Nk4jisplD,3426080560,单手拎起壮汉OvO,#花西子发声#点看官博评论，一溜烟的水。太可怕了，底下点赞12w+都上不去,,,,花西子发声,0,0,6,2023-09-19 23:46,iPhone客户端,,,
4947831321791059,Nk4ji7vW3,5697926372,别抢小朋友的枕头,国货的这一波崛起！还得感谢李佳琦和花西子L别抢小朋友的枕头的微博视频,,,,,0,0,2,2023-09-19 23:46,娱乐圈可爱多超话,,"http://f.video.weibocdn.com/o0/3fU1a8YTlx088Jyx8Noc010412008dIU0E010.mp4?label=mp4_720p&template=720x1280.24.0&ori=0&ps=1BVp4ysnknHVZu&Expires=1696954568&ssig=dZAbsJj9sZ&KID=unistore,video",
4947831314190818,Nk4jhhAdQ,1644247333,猫侍,说花西子像日本名的，西子这么多年一直都是西湖好不好，你们不如反省一下自己，这么多年有没有认真读书？而且人家品牌这个标价，市场行为，不想买的人大可以不买……人品牌没有道歉的必要。谁都想讨好，只会更难堪。,,,,,0,0,1,2023-09-19 23:46,VVebo,,,
4947831309211170,Nk4jgCEfg,3194992802,派大星正在跳皮筋,#花西子发声#滚开,,,,花西子发声,0,0,1,2023-09-19 23:46,,,,
4947831259661352,Nk4jbExmg,7215162425,skyleruptothesky,看在这么有诚意的份上，浅浅期待一下吧#花西子##花西子发声#,,,,"花西子,花西子发声",0,0,85791,2023-09-19 23:46,iPhone客户端,,,4947752490635426
4947831226630487,Nk4j8rOTl,7632465306,·甜C的甜心·,#花西子发声#666,,,,花西子发声,0,0,0,2023-09-19 23:45,HarmonyOS设备,,,
4947831221912129,Nk4j881qN,7737361319,杂七杂八怪谈,#花西子发声#洋洋洒洒，说了跟没说一样,,,,花西子发声,0,0,8,2023-09-19 23:45,Android,,,
4947831196749994,Nk4j5sjYS,3282521652,年年要早睡呀,@花西子Florasis,,,花西子Florasis,,0,0,85790,2023-09-19 23:45,OPPO Reno5 Pro 5G,,,4947752490635426
4947831154543843,Nk4j1j43N,7820140289,药卜能霆z,#花西子发声#知道了知道了。双11不买你就是了。,,,,花西子发声,0,3,12,2023-09-19 23:45,Hello Kitty的爱,,,
4947831154018009,Nk4j1gRgB,2533921461,爱吃甜橙的小花儿,说实话花西子用了好几年我是支持国货的觉得用着也还行但是持妆真的也不太行希望有所改进,,,,,0,3,85790,2023-09-19 23:45,iPhone XR(白色),,,4947752490635426
4947831142747293,Nk4j0bwHb,3928032313,少吃兩口大偶都接回來了,（竊笑不已//@洛梅笙:所以说李佳琦就是国贼，他打着帮助国货，给消费者争取最惠的旗号，实际上是对实业和消费者的两头吸血，有些人也别说李佳琦或花西子谁更冤，他们就是一个利益链的共同体。至于李佳琦的脑残粉为什么至今对他劫富济贫的说法深信不疑，应该跟耽粉催眠一样的“女权”就是个遮羞布,,,洛梅笙,,0,0,12823,2023-09-19 23:45,微博轻享版,,,4947681836796110
4947831138553478,Nk4iZzT9k,7850864009,早睡觉爱好者,#花西子发声#这是卖什么的，感觉最近好火,,,,花西子发声,0,0,0,2023-09-19 23:45,Android客户端,,,
4947831112338128,Nk4iX9OfK,6790761569,半杯小芋圆·,#花西子发声#哦我懂了因为双十一还想继续捞一笔但是79就是贵呀,,,,花西子发声,0,0,0,2023-09-19 23:45,微博轻享版,,,
4947831112073888,Nk4iX8HvO,2301750071,是白开开喔,//@洛梅笙:所以说李佳琦就是国贼，他打着帮助国货，给消费者争取最惠的旗号，实际上是对实业和消费者的两头吸血，有些人也别说李佳琦或花西子谁更冤，他们就是一个利益链的共同体。至于李佳琦的脑残粉为什么至今对他劫富济贫的说法深信不疑，应该跟耽粉催眠一样的“女权”就是个遮羞布,,,洛梅笙,,0,0,12823,2023-09-19 23:45,iPhone客户端,,,4947681836796110
4947831096086328,Nk4iVpxkA,7047991232,快乐搬砖小能手,#花西子发声#看完了……通篇废话，这不就是纯纯的水字数吗？？？,,,,花西子发声,0,0,3,2023-09-19 23:45,iPhone客户端,,,
4947831069869375,Nk4iSFptt,7776102392,铁骑天骄,#花西子发声#倒闭就行了,,,,花西子发声,0,0,1,2023-09-19 23:45,真我GT2,,,
4947831065413423,Nk4iSmIhh,2465378264,稀麦的麦田,花西子很不错的,,,,,0,0,85790,2023-09-19 23:45,vivo X70 Pro蔡司影像,,,4947752490635426
4947831003284756,Nk4iMdMvW,2933194420,Baby是花骨朵,#你期待花西子出什么价位的产品#能把我买的花西子全退了吗？或者把主播抽成给我退了,,,,你期待花西子出什么价位的产品,0,0,0,2023-09-19 23:45,HUAWEI Mate X2,,,
4947830999880938,Nk4iLFstY,5804680652,Ayako的奇妙冒险,而且没人觉得花西子的设计特别土吗//@渣岚_天才宝宝丁://@Mona健康监护中心:帮很多人重新认识了什么叫资本家掌握生产资料//@超思念龙猫://@昨天的潇洒老板娘:这是一个非常恶的生态。非常。//@擒鹰高飞:本来每一支有60多元给到线下各个销售环节的，很多人不会失业，商铺商场都能出租,,,"渣岚_天才宝宝丁,Mona健康监护中心,超思念龙猫,昨天的潇洒老板娘,擒鹰高飞",,0,0,12823,2023-09-19 23:44,,,,4947681836796110
4947830998567684,Nk4iLzWQs,2890523582,冷空气biss,所有的产品都有不同的价位不同的消费人群，服务好自己的消费者，做出对得起价格的产品都是好的国货。希望花西子可以加油！,,,,,0,0,85790,2023-09-19 23:44,iPhone客户端,,,4947752490635426
4947766055015858,Nk2C1l2QW,2290414064,七步吟诗曹子建,#花西子发声#,,,,花西子发声,12,7,43,2023-09-19 19:26,信号垃圾的iPhone 14,['https://wx2.sinaimg.cn/large/8884f1f0gy1hi246z19t4j20u01407g4.jpg'],,
4947830970780878,Nk4iJ3h8O,2130549612,Naja-atra,//@脱欧入亚卡菊轮:YouCANdoHumphrey'sjob.//@阿卡宇航:花西子的pr是汉弗莱的亲戚吗？,,,"脱欧入亚卡菊轮,阿卡宇航",,0,0,43,2023-09-19 23:44,荣耀X10 5G,,,4947766055015858
4947830965012764,Nk4iIl232,6962367740,馒头投递员,#花西子发声#,,,,花西子发声,0,0,0,2023-09-19 23:44,Android,,,
4947830947972754,Nk4iGxs4O,3316518565,MG啊啊啊呀,@花西子Florasis来让我试试你的贵眉笔,,,花西子Florasis,,0,0,85790,2023-09-19 23:44,iPhone客户端,,,4947752490635426
4947830935653386,Nk4iFnIHE,5627394356,国年路的猫大爷,这周我会研究一下花西子，看看究竟这是一个怎样的品牌。有可能会出一个吐槽视频，敬请期待。,,,,,0,0,1,2023-09-19 23:44,HUAWEI Mate 30,,,
4947830931983315,Nk4iF8jWX,7693764593,椭圆不圆圆,#花西子发声#事情发生后李佳琦虽然掉粉了！但是他直播间销量根本没受影响，上车的货照样几秒没。花西子是真的受影响了！销量实实在在的下降了！,,,,花西子发声,0,0,1,2023-09-19 23:44,Android,,,
4947830931983179,Nk4iF8jUL,6313040258,第328次心动,#花西子发声#21年买了眉笔23年了还没用完，甚至替芯我都没用上，真“耐用”啊或许能成为我的传家宝,,,,花西子发声,0,0,0,2023-09-19 23:44,大耳狗的肉桂卷,,,
4947830889252062,Nk4iACOSO,5592440447,蔡蔡的西兰花,#花西子发声#说了一堆啥呀这是,,,,花西子发声,0,0,1,2023-09-19 23:44,iQOO Neo 855竞速版,,,
4947830878506366,Nk4izzGTs,7769055736,ni安静点,#花西子发声#给我上个7.9的套餐我就相信你,,,,花西子发声,0,0,0,2023-09-19 23:44,HUAWEI P30 Pro,,,
4947830877193250,Nk4izubia,7419943618,胡思乱想的小呆呆,#花西子发声#公关太容易了吧，太会洗哈哈哈哈哈哈不愧是商场，公关牛的一批，找点僵尸号一发舆论逆转🐮,,,,花西子发声,0,0,1,2023-09-19 23:44,iPhone客户端,,,
4947830859892188,Nk4ixFvpq,2053183057,不知道叫什么名1234,#花西子发声#全是废话,,,,花西子发声,0,0,0,2023-09-19 23:44,iPhone客户端,,,
4947830844425356,Nk4iwizeI,7569548245,不发疯就死掉,#花西子发声#咋还rs第一了啊？？你想干什么呀花西子,,,,花西子发声,0,0,1,2023-09-19 23:44,,,,
4947830764208237,Nk4iohEKN,2687300112,kuaileyaaa,品牌归品牌，花西子还是不错的,,,,,0,0,85790,2023-09-19 23:44,iPhone客户端,,,4947752490635426
4947830744023631,Nk4imgSJh,2060091857,皮皮和球球的微博,#花西子发声#怎么还在榜一？啊？国货哪有跟你一样贵的？多找找自己的原因，品牌创立这么久了都还没得到消费者的认可，到底有没有在认真做品牌和产品啊？,,,,花西子发声,0,4,9,2023-09-19 23:43,iPhone 13(星光色),['https://wx2.sinaimg.cn/large/006UMCc8ly1gu75pqdoxeg306n06n0uk.jpg'],,
4947830646245828,Nk4icqcPa,6593922589,沉迷越狱,#花西子发声#说了什么？重点是什么？,,,,花西子发声,0,5,5,2023-09-19 23:43,Redmi K50 Pro,['https://wx3.sinaimg.cn/large/007cfqu9gy1hi2bm2arakj30sh0oax4h.jpg'],,
4947830639166394,Nk4ibCsB4,7028016283,酪芝小卷_,#花西子发声#额,,,,花西子发声,0,0,0,2023-09-19 23:43,偶伞思甜甜Android,,,
4947830599848514,Nk4i7Fk30,3055747825,闲情心驿沾,李佳琦如今各类品牌价格下沉，李佳琦却与市场背道而驰，没有人会为他买单花西子#花西子##花西子自称是地地道道的国货##娱乐#L闲情心驿沾的微博视频,,,,"花西子,花西子自称是地地道道的国货,娱乐",0,0,0,2023-09-19 23:43,微博视频号,,"http://f.video.weibocdn.com/o0/7OhLozoOlx088JykNNYQ01041200aqtF0E010.mp4?label=mp4_720p&template=720x1280.24.0&ori=0&ps=1BVp4ysnknHVZu&Expires=1696955179&ssig=U9IDMExjBG&KID=unistore,video",
4947830593030420,Nk4i7cIlK,5892784449,Grace的诗和远方,#花西子发声#李佳琦闯的祸，花西子来背～这大概就是过度依靠主播的反噬～,,,,花西子发声,0,0,4,2023-09-19 23:43,iPhone客户端,,,
4947830587262566,Nk4i6utka,5281994265,2023年我好运连连,#花西子发声#…,,,,花西子发声,0,0,0,2023-09-19 23:43,iPhone客户端,,,
4947830579659842,Nk4i5EwXU,3772736833,科技边角料,发布了头条文章：《用白话文翻译花西子道歉信：忘了李佳琦，我可是国货，快来买，不要停》O用白话文翻译花西子道歉信：忘了李佳琦，我可是国货，快来买，不要停,http://t.cn/A6OWBCOM,,,,0,0,0,2023-09-19 23:43,微博 weibo.com,,,
4947830566816097,Nk4i4sBb3,6582358058,MD-夏末,家里粉饼是花西子的,,,,,0,0,85790,2023-09-19 23:43,HUAWEI Mate 30,,,4947752490635426
4947830562621501,Nk4i4aZYh,7746490265,奶油草莓宝贝派,#花西子发声#反正我是觉得挺贵的但是我不会去买这个价钱还不如去买其他大牌化妆品,,,,花西子发声,0,0,0,2023-09-19 23:43,vivo S5照亮你的美,,,
4947830562098858,Nk4i48O0y,6534998480,嘀嘀哒噼哩啪啦,#花西子发声#“我是国货，我要赚钱”,,,,花西子发声,0,0,1,2023-09-19 23:43,OPPO Reno5 5G,,,
4947830546107211,Nk4i2pCLp,6603536943,阿次过来,#花西子发声#祝所有溢价的品牌都有属于自己的李佳琦,,,,花西子发声,0,0,0,2023-09-19 23:43,Android,,,
4947830541649585,Nk4i26V8d,6417837424,槐夏十七517,花西子散粉有在使用中，希望未来有价廉物美的产品！,,,,,0,0,85790,2023-09-19 23:43,HUAWEI P40 5G,,,4947752490635426
4947830537191903,Nk4i1uaWr,6460206036,那烂陀曲,//@洛梅笙:所以说李佳琦就是国贼，他打着帮助国货，给消费者争取最惠的旗号，实际上是对实业和消费者的两头吸血，有些人也别说李佳琦或花西子谁更冤，他们就是一个利益链的共同体。至于李佳琦的脑残粉为什么至今对他劫富济贫的说法深信不疑，应该跟耽粉催眠一样的“女权”就是个遮羞布,,,洛梅笙,,0,0,12823,2023-09-19 23:43,iPhone客户端,,,4947681836796110
4947830532999764,Nk4i1cAni,7563438272,狂炫八个大馒头,#花西子发声#美妆届补货能力也很快的，国货，不缺你一个，我尊重你，但我确实不会为你再去消费,,,,花西子发声,0,0,0,2023-09-19 23:43,微博轻享版,,,
4947830529593702,Nk4i0EfL8,7690449682,心好小亚,#花西子发声#难评,,,,花西子发声,0,0,1,2023-09-19 23:43,iPhone客户端,,,
4947830521203532,Nk4i0535O,1415676655,HERMES的小窝,#花西子发声#明天外交部报道,,,,花西子发声,0,0,0,2023-09-19 23:43,,,,
4947830521467371,Nk4i069Jh,5206908892,bbbiglove,#花西子#让我中奖吧,,,,花西子,0,0,85790,2023-09-19 23:43,HUAWEI Mate 50,,,4947752490635426
4947830496562446,Nk4hXrxbU,6274958925,小九九810,#花西子发声#额介绍了一下自己完了？,,,,花西子发声,0,1,1,2023-09-19 23:42,,,,
4947830488435993,Nk4hWzoAp,6047237745,明月有期许,#花西子发声#国货成有些垃圾的保护色了是吧,,,,花西子发声,0,0,6,2023-09-19 23:42,iPhone客户端,,,
4947830487124772,Nk4hWtTtG,7632465306,·甜C的甜心·,#花西子发声#发信邀请大家一起讲故事，只字不提实际在发生的事。你说79太贵，现在119了,,,,花西子发声,0,2,0,2023-09-19 23:42,HarmonyOS设备,"['https://wx4.sinaimg.cn/large/008kx2T8ly1hi2bla1latj30j60pkjx8.jpg', 'https://wx2.sinaimg.cn/large/008kx2T8ly1hi2bleq4w9j30u01t2qeo.jpg']",,
4947830470607476,Nk4hV2y20,5822247710,科技刚子,花西子这事闹的大，花西子公关部集体离职我认识那位也是说昨天刚离职！#花西子发声##花西子公关部或集体离职#,,,,"花西子发声,花西子公关部或集体离职",48,164,2181,2023-09-19 23:42,微博热搜 沙发,"['https://wx3.sinaimg.cn/large/006m1yB8gy1hi2bj91ydlj30u00voadi.jpg', 'https://wx4.sinaimg.cn/large/006m1yB8gy1hi2bj8lp0aj30zo0lu0uz.jpg']",,
4947830454616635,Nk4hTjmZR,5802543013,简单心如初,在李佳琦直播间买过花西子的气垫，不管发生了什么情况，都希望国货发展的更好，国人真心的喜欢国货，国货也不让国人失望，加油,,,,,0,0,85790,2023-09-19 23:42,Android客户端,,,4947752490635426
4947830437841288,Nk4hRwTSo,7772519648,MyNameIsAria,#花西子发声#花西子：我是国货！我专门赚中国人的钱💰！我虽然是国货，但是国际大牌香奈儿的我的平替,,,,花西子发声,0,0,0,2023-09-19 23:42,vivo S7轻薄自拍旗舰,,,
4947830421064315,Nk4hQ4sSn,5619617833,DVD的闪耀钻石,#花西子发声#眉笔有点贵，但确实这几年没涨价，李佳琦说的没错,,,,花西子发声,0,0,2,2023-09-19 23:42,Note 9 Pro 一亿像素,,,
4947830398518999,Nk4hNzKbd,3740814093,WAILAMJyun,#花西子发声#,,,,花西子发声,0,0,85790,2023-09-19 23:42,HUAWEI Mate 30 5G,,,4947752490635426
4947830382266016,Nk4hM9vuE,1974514450,一枚搞机的原子弹,#花西子发声#好像没有啥实际的内容哦。感觉回应了，又感觉啥也没回应。你们怎么看呢？,,,,花西子发声,36,86,116,2023-09-19 23:42,HUAWEI Mate 60 Pro,['https://wx1.sinaimg.cn/large/75b0b312gy1hi2bjtj1ldj20z01jx187.jpg'],,
4947830382002694,Nk4hM8oZw,5139450817,唠棣,#花西子发声#噢噢,,,,花西子发声,0,0,0,2023-09-19 23:42,iPhone客户端,,,
4947830378595542,Nk4hLA45M,6345935237,挠痒的腿毛,#花西子发声#请先生赴死,,,,花西子发声,0,0,0,2023-09-19 23:42,小米10 至尊纪念版,,,
4947830366798764,Nk4hKswFu,3087971993,yuhan_0519,花西子玉养气垫、，刚买来没多久，就发现怀孕了，没得用了，不能美美哒了,,,,,0,0,85790,2023-09-19 23:42,iPhone客户端,,,4947752490635426
4947830328529101,Nk4hGzMO9,7829535142,拆假人面具,#花西子发声#说了啥？,,,,花西子发声,0,0,2,2023-09-19 23:42,Android,,,
4947830320136290,Nk4hG0zse,5943311383,Yanmamicc,#花西子#国货当自强，加油！,,,,花西子,0,0,85790,2023-09-19 23:42,iPhone客户端,,,4947752490635426
4947830303886718,Nk4hEgj70,7860579579,-big雾-,我买的第一支眉笔就是你们花西子的，当时买的时候才十几块钱，是对比了很多家才选择了你们，没想到现在79了啊希望你们能回归本心，做好产品才是最重要的，那花里胡哨的包装和印雕我觉得不重要,,,,,0,0,85790,2023-09-19 23:42,Android客户端,,,4947752490635426
4947830278197137,Nk4hByorT,7807312938,崔崔_欧尼,#花西子发声#好好做质量，其他的都是废话,,,,花西子发声,0,0,0,2023-09-19 23:42,vivo S12,,,
4947830276885228,Nk4hBsTa4,1667552074,老易侃品牌,花西子这操作，真的有点不太懂啊，本来要冷静下来的事，又被自己一则声明给点燃了，花西子是怕网友忘记自己吗？还是在自己捅自己的马蜂窝陪网友玩？#老易侃品牌##花西子发声##花西子#L老易侃品牌的微博视频,,,,"老易侃品牌,花西子发声,花西子",0,0,0,2023-09-19 23:42,微博视频号,,"http://f.video.weibocdn.com/u0/jkFDDPQegx088JyfQuze01041200q0E40E010.mp4?label=mp4_720p&template=720x1280.24.0&ori=0&ps=1BVp4ysnknHVZu&Expires=1696956049&ssig=Z6Qww%2FrDyF&KID=unistore,video",
4947830273214397,Nk4hBdud7,6425718186,我趣呦,国货当自强，花西子散粉挺好用的，加油！,,,,,0,0,85790,2023-09-19 23:42,Redmi Note 8 Pro四摄,,,4947752490635426
4947830255912069,Nk4hzoNZX,1911819074,首映礼,#你接受花西子的道歉吗#花西子的豪赌！有网友说静看他的对赌协议会不会赔死！我以为是我不会装，原来大家都装不进去！#花西子发声#L电影拆台君的微博视频,,,,"你接受花西子的道歉吗,花西子发声",0,0,2,2023-09-19 23:42,iPhone客户端,,"http://f.video.weibocdn.com/o0/BtnpN4zplx088JxNunRu01041200daCt0E010.mp4?label=mp4_720p&template=1280x720.25.0&ori=0&ps=1BVp4ysnknHVZu&Expires=1696956049&ssig=aFMeTdlCV5&KID=unistore,video",
4947830248047457,Nk4hyxLvH,5370557216,开星船去看极光,#花西子发声#说了啥但好像又什么都没说,,,,花西子发声,0,0,0,2023-09-19 23:42,Android,,,
4947830239660336,Nk4hxEx5S,3243256765,社宅小柒-R,#花西子发声#很多人说花西子是国货，某些商品也很好用，所有人都非得把他逼到破产才行吗？有人科普一下花西子是从哪时候开始当国货的吗？你觉得花西子好你就买，无所谓的啊钱又不会分我一点儿，对于我来说我是不会再买这个牌子的，我会选择其他适合我这种不努力又能支付得起的国货！,,,,花西子发声,0,0,2,2023-09-19 23:41,Redmi K40 Pro+,,,
4947830239137502,Nk4hxCl54,6378289963,Yzyfff_,@花西子Florasis希望国货可以行稳致远,,,花西子Florasis,,0,0,85790,2023-09-19 23:41,iPhone客户端,,,4947752490635426
4947830226813648,Nk4hwsAxy,7835250729,人间体验官快看是我,好好整改，我还是很喜欢花西子的！,,,,,0,0,85790,2023-09-19 23:41,iPhone客户端,,,4947752490635426
4947830211350179,Nk4hv5Ff5,7850008358,MoonChariot,OK余额还有一支花西子眉笔老子真的不晓得这么早开预售干嘛要死啊,,,,,0,0,0,2023-09-19 23:41,iPhone 12,"['https://wx3.sinaimg.cn/large/008zfPM2gy1hi2bk86tbcj30wi0p5q5s.jpg', 'https://wx2.sinaimg.cn/large/008zfPM2gy1hi2bk8j0q4j30sg0r70up.jpg', 'https://wx1.sinaimg.cn/large/008zfPM2gy1hi2bk9oxmoj30uv0u0q7e.jpg']",,
4947830161276953,Nk4hq5mc1,7763535137,么凹碎碎念,#花西子发声#公关水平看着还没它产品贵,,,,花西子发声,0,0,0,2023-09-19 23:41,🍓ฅฅ*HarmonyOS设备,,,
4947830143454090,Nk4hoeuz8,7452123066,远山清晨,#花西子发声#等你眉笔降到7.9再来道歉吧,,,,花西子发声,0,0,1,2023-09-19 23:41,OPPO A32,,,
4947830138734920,Nk4hnAElO,2827625171,buxianggaosurenheren,#花西子发声#那天我在抖上看到有个官博说给大家出9.9三支的眉笔。虽然我不买，但我觉得可能这类产品确实成本不大。,,,,花西子发声,0,0,0,2023-09-19 23:41,Redmi K40 Pro+,,,
4947830119073020,Nk4hlC4j2,2811904911,_花泽榨菜,//@洛梅笙:所以说李佳琦就是国贼，他打着帮助国货，给消费者争取最惠的旗号，实际上是对实业和消费者的两头吸血，有些人也别说李佳琦或花西子谁更冤，他们就是一个利益链的共同体。至于李佳琦的脑残粉为什么至今对他劫富济贫的说法深信不疑，应该跟耽粉催眠一样的“女权”就是个遮羞布,,,洛梅笙,,0,0,12823,2023-09-19 23:41,老婆刘宇的Android,,,4947681836796110
4947830114878151,Nk4hlkt1R,3173130767,李新农,#花西子发声#发信邀请大家一起讲故事，只字不提实际在发生的事。你说79太贵，现在119了。,,,,花西子发声,0,0,3,2023-09-19 23:41,微博网页版,"['https://wx4.sinaimg.cn/large/bd22220fgy1hi2bexcccjj20j60pkdt1.jpg', 'https://wx4.sinaimg.cn/large/bd22220fgy1hi2bjq8hchj20u01t2wzp.jpg']",,
4947830100723947,Nk4hk32kz,6121729136,来一杯冰美式LL_,哈哈哈哈哈哈哈哈哈哈哈//@陕西天上人间88号头牌男模:“趁你病，要你命”//@锦鲤六宝:蜂花半夜悄悄在花西子耳边说，你倒闭了你的纸箱能给我吗,,,"陕西天上人间88号头牌男模,锦鲤六宝",,0,0,408534,2023-09-19 23:41,微博轻享版,,,4947748803838528
4947830093382249,Nk4hjebSp,7564659733,长洲怀月明-,#花西子发声#发声79块吗,,,,花西子发声,0,0,2,2023-09-19 23:41,Android客户端,,,
4947830072413271,Nk4hha7NJ,2093171887,看金牛,#花西子发声#你还会买花西子吗？你还会买花西子吗？,,,,花西子发声,0,1,37,2023-09-19 23:41,奔跑的牛牛HarmonyOS设备,,,
4947830031256000,Nk4hd5gK4,5612073926,是遗憾还是后悔还是会难过,#花西子发声#感觉是:对不起行了吧？有完没完？有空骂我不如想想怎么涨工资？我是国货你们不买？懒得说了你们等着！,,,,花西子发声,3,2,8,2023-09-19 23:41,小米11 Ultra,['https://wx4.sinaimg.cn/large/0067NGNogy1hi2bgot8ybj30u010g4b3.jpg'],,
4947829996390824,Nk4h9qOxO,1911819074,首映礼,#五成投票网友不再去李佳琦直播间下单#笑死！怎么会有人觉得他变了？他只是现在身价上百亿懒得陪“穷鬼”玩罢了！#花西子发声#L电影拆台君的微博视频,,,,"五成投票网友不再去李佳琦直播间下单,花西子发声",0,0,3,2023-09-19 23:41,iPhone客户端,,"http://f.video.weibocdn.com/o0/H7qcacy9lx088Jy4MYME01041200njwI0E010.mp4?label=mp4_720p&template=1280x720.25.0&ori=0&ps=1BVp4ysnknHVZu&Expires=1696956259&ssig=JnfwB7vpwK&KID=unistore,video",
4947829985119179,Nk4h8ltJp,7237173465,灏哥my,#花西子发声#低调低调,,,,花西子发声,0,2,1,2023-09-19 23:40,iPhone 13,,,
4947829980924501,Nk4h83Svj,3170297181,青丘冷月,//@洛梅笙:所以说李佳琦就是国贼，他打着帮助国货，给消费者争取最惠的旗号，实际上是对实业和消费者的两头吸血，有些人也别说李佳琦或花西子谁更冤，他们就是一个利益链的共同体。至于李佳琦的脑残粉为什么至今对他劫富济贫的说法深信不疑，应该跟耽粉催眠一样的“女权”就是个遮羞布,,,洛梅笙,,0,0,12823,2023-09-19 23:40,荣耀V30 PRO 5G,,,4947681836796110
4947829938195223,Nk4h3ynX1,6347428922,老赵擒黑马,#花西子发声#解读:错的不是我，是老李，大家继续买我买我买我。,,,,花西子发声,0,10,12,2023-09-19 23:40,热门投资人Android,['https://wx1.sinaimg.cn/large/006VzadQgy1hi2bipxos9j30qo0ve774.jpg'],,
4947829908834201,Nk4h0B4b7,7673671816,椿栀茶祎_上学黑化版,#花西子发声#所以这是回应了个啥？,,,,花西子发声,0,2,3,2023-09-19 23:40,nova4自拍极点全面屏,,,
4947829895726982,Nk4gZo1QG,7077566671,耀发光啊Andy,#花西子发声#话题和评论两边倒啊,,,,花西子发声,0,0,0,2023-09-19 23:40,OnePlus 7 Pro,,,
4947829879472326,Nk4gXDKbs,7734915605,凌饿饿8,#花西子发声#好像回应了又好像没回应,,,,花西子发声,0,0,0,2023-09-19 23:40,,,,
4947829878948425,Nk4gXBxTr,3891160354,吾皇与勒布朗,#花西子发声#想用国货转移注意力？,,,,花西子发声,0,0,0,2023-09-19 23:40,HarmonyOS设备,,,
4947829879736341,Nk4gXEQRL,6321253961,香辣虾跐溜,花西子🌈,,,,,0,0,85791,2023-09-19 23:40,iPhone客户端,,,4947752490635426
4947829866890517,Nk4gWsUxn,5836505575,法律小常识普及推广,？可是花西子做错了什么啊。。。？//@tombkeeper:就算是比干掏心窝子也比这个掏的多啊……,,,tombkeeper,,0,0,927147,2023-09-19 23:40,微博轻享版,,,4947738510229678
4947829865844853,Nk4gWowvP,7764332530,兰涩枫玲儿,#花西子发声#我以为是道歉，没想到是打广告...国货千千万，这个不爽咋就换...顺便蹲一个物美价廉国货彩妆,,,,花西子发声,0,0,0,2023-09-19 23:40,小米6X 拍人更美,,,
4947829854832861,Nk4gVkhfn,5704759094,GOKUUandKULILIN,国货狂欢一波又一波，也才一个多星期。花西子的公关键盘都敲烂了吧，终于出声了。我倒要看看，后续如何发展,,,,,0,0,0,2023-09-19 23:40,宇宙帝王的iPhone 14 Pro,,,
4947829842250577,Nk4gU9rtD,6227175463,小鱼的摆烂日记ing,激情转发，致敬被花西子骗过一次的自己,,,,,0,0,85791,2023-09-19 23:40,iPhone客户端,,,4947752490635426
4946696258982515,NjAMxBGLh,1956700750,电商报,李佳琦掉粉百万后，直播间销量不减反增，库存5万的商品3秒抢光。网友：是谁一边骂一边买……#李佳琦吹羽毛二创视频#,,,,李佳琦吹羽毛二创视频,202,179,1549,2023-09-16 20:35,,"['https://wx2.sinaimg.cn/large/0028q7fwgy1hhypb67wicj60ty0xhahu02.jpg', 'https://wx3.sinaimg.cn/large/0028q7fwgy1hhypb4x2zjj60tk0t10z502.jpg', 'https://wx1.sinaimg.cn/large/0028q7fwgy1hhypb6gbelj60ku0bmwgy02.jpg', 'https://wx1.sinaimg.cn/large/0028q7fwgy1hhypbhc0cdj60jz0fvae102.jpg']",,
4947829836746907,Nk4gTsjb5,1133273930,阿比柏村,//@编辑态://@陈海滢:看看退款率，不排除故意拍了再退的可能性，那品牌要急了//@冬亚:对比另一个数据，受影响的另一方花西子销量急跌，除非是客观规律出了问题，不然只可能是有人砸血本了,,,"编辑态,陈海滢,冬亚",,0,0,1549,2023-09-19 23:40,HUAWEI P40 5G,,,4946696258982515
4947829829927297,Nk4gSFExH,7816490448,来一口酸甜涵酱,#花西子发声#这是回应了个啥？,,,,花西子发声,0,0,1,2023-09-19 23:40,🐰🌸Android,,,
4947829819965798,Nk4gRFOyG,6402211188,beautiful_four,国货当自强，支持国货，相信花西子不会辜负用户的需求和期待的，期待有更好的产品,,,,,0,0,85791,2023-09-19 23:40,vivo Y52s高清影像,,,4947752490635426
4947829800570555,Nk4gQ2oqv,7774391620,十七日登月计划,#花西子发声#这都几天了，才出来发声。国货牌子有很多，真的不缺你们这一个。其他牌子也是一样的，没有消费者给你们买单，你们又算什么呢？现在开始瞧不起消费者，随意践踏消费者，当初怎样把你捧起来的，就可以怎样把你扔下去。互联网时代，火的快，糊的也快，你可以永远期待下一个,,,,花西子发声,0,0,0,2023-09-19 23:40,iQOO Neo5S 双芯旗舰,,,
4947829799256150,Nk4gPCPWK,1424437405,任嘉伦的陆绎周生辰长意久宣夜,花西子,,,,,0,0,85791,2023-09-19 23:40,iPhone客户端,,,4947752490635426
4947829798994193,Nk4gPBJND,7723779756,朗月公主在此,#如何看待花西子的道歉#原谅你了，给我好好干，我没你的蜜粉我不行,,,,如何看待花西子的道歉,0,0,0,2023-09-19 23:40,小米手机,,,
4947829795588569,Nk4gPnrQd,2614007004,存在不明桂圆儿,#你接受花西子的道歉吗#错的是花西子吗？错的是让你“努力”这么久依然过不上自己想要的生活的世界，你那不是努力，是使劲。,,,,你接受花西子的道歉吗,0,0,0,2023-09-19 23:40,iPhone客户端,,,
4947829787460335,Nk4gOviLZ,5892924603,是阿咸吖,#花西子发声#与其说这么多屁话不如去把那款眉笔降价到7.9,,,,花西子发声,0,0,5,2023-09-19 23:40,Redmi K40,,,
4947829762556594,Nk4gMaJ5o,7450246068,一只经常发呆的春节锦鲤12,#花西子发声#花西子这名就挺不国货的。还有你们太不注意了，这么晚发声明。,,,,花西子发声,0,0,0,2023-09-19 23:40,moto edge S30,,,
4947829756790656,Nk4gLsuyI,5611329703,清透星人,//@心里美萝卜加冰糖加芝麻:看完这公告，我对于市面上说，李佳琪是花西子的最大老板，我相信了。这个语气就像是他说的。,,,心里美萝卜加冰糖加芝麻,,0,0,58733,2023-09-19 23:40,iPhone客户端,,,4947767174108468
4947829758363774,Nk4gLz5NA,7482788039,就就就是王俊凯老婆,#花西子发声#真无语,,,,花西子发声,0,0,0,2023-09-19 23:40,荣耀60 5G,,,
4947829753646329,Nk4gLfizL,7561850906,干干脆脆的小饼干喔,#花西子回应脱水版#哈哈哈哈哈哈哈哈哈一些废话文学,,,,花西子回应脱水版,0,0,9,2023-09-19 23:40,,,,
4947829732149976,Nk4gJ91j2,2207372517,我爱但,#花西子发声#花西子做错了什么？这到底是李佳琦的个人错误？还是花西子的错误？,,,,花西子发声,0,0,1,2023-09-19 23:39,微博 HTML5 版,,,
4947829719302291,Nk4gHD1WX,6481509244,小鹤很爱你,@花西子Florasis,,,花西子Florasis,,0,0,85791,2023-09-19 23:39,OPPO Reno6 Pro 5G,,,4947752490635426
4947829716682124,Nk4gHs2kc,6208942195,陌玉清明,希望花西子正真心做好国货,,,,,0,1,85791,2023-09-19 23:39,Redmi K20 Pro 真旗舰,,,4947752490635426
4947829716682009,Nk4gHs2il,1912361735,阿多尼斯丨D,#花西子发声#道歉…不必了吧…承受不起…我这个人都不值几个花西子的,,,,花西子发声,0,0,0,2023-09-19 23:39,好心情制造机,,,
4947829691253239,Nk4gF5g1x,6425718186,我趣呦,国货当自强，加油！花西子散粉，卸妆挺好用的,,,,,0,0,927147,2023-09-19 23:39,Redmi Note 8 Pro四摄,,,4947738510229678
4947829678935528,Nk4gDBuxq,2435656803,爱剧综的小肥羊,#花西子发声#第一次觉得一个回应可以写的这么平平无奇，真的。还有第一次觉得一封信件可以写的这样毫无感情，毫无落脚点，汉字作为最大的国货，传承最久远的宝贝之一，应该也会半夜惊醒大骂一句:不是，这写的嘛玩意，写的嘛玩意。,,,,花西子发声,0,0,0,2023-09-19 23:39,红魔7S氘锋透明版,,,
4947829661893103,Nk4gC7WtV,7530510795,阿乌衣,哈哈哈哈哈哈哈哈哈哈哈哈哈哈//@锦鲤六宝:蜂花半夜悄悄在花西子耳边说，你倒闭了你的纸箱能给我吗,,,锦鲤六宝,,0,0,408535,2023-09-19 23:39,iPhone客户端,,,4947748803838528
4947829657963410,Nk4gBxpE6,6509166905,锄地大魔王,#花西子发声#你还不如不发声,,,,花西子发声,0,0,1,2023-09-19 23:39,小卷毛iPhone客户端,,,
4947829647737070,Nk4gAwsLs,7426108801,希望这届某些网友能有点素质,#花西子发声#省流版:道德绑架网友，李佳琦事件只字不提。真的，日本都控股了还说自己是国货。你是日本的国货吧？？？😅😅😅,,,,花西子发声,0,0,0,2023-09-19 23:39,微博极速版,,,
4947829631225296,Nk4gz58KQ,1785298482,迟迟入戏,哈哈哈哈哈//@不是火影忍者粉丝:花西子上小学的时候考试题目不会做，就在答卷上写国货万岁，没有老师敢判错,,,不是火影忍者粉丝,,1,0,927151,2023-09-19 23:39,iPhone 14 Pro Max,,,4947738510229678
4947829628078200,Nk4gyxTvy,5787164112,不二臣的完结,#花西子发声#拿出点诚意，打一折吧,,,,花西子发声,0,0,1,2023-09-19 23:39,HUAWEI P30 Pro,,,
4947829618379866,Nk4gxz9Z8,5475965538,紫嫣zyy,男朋友刚跟我在一起的时候送的是花西子的礼盒套装，我觉得他很有品，说句实话，散粉很好用，这次因为李某qi把花西子推到了风口浪尖上，但这也不是坏事，相反让更多人看到了花西子！这句话送给花西子：要想远航，必会经历风浪，继续加油吧，花西子@花西子Florasis#花西子发声##花西子#,,,花西子Florasis,"花西子发声,花西子",0,0,85790,2023-09-19 23:39,iPhone客户端,,,4947752490635426
4947829597406968,Nk4gvv4Te,2011990062,翠屏公安,#你期待花西子出什么价位的产品#【#花西子发声#】9月19日，花西子官方发布给公众的一封信，这也是花西子首次发声。信中，花西子表示在过去一周里，受到了全网极大的关注，感到“诚惶诚恐，手足无措”，但已记录网友意见，正根据网友的相关意见一一比照、修正和提升，未来为大家带来更好的产品，提供更好的服务。L新浪科技的微博视频,,,,"你期待花西子出什么价位的产品,花西子发声",0,17,14,2023-09-19 23:39,微博视频号,,"http://f.video.weibocdn.com/o0/S2LaI4M1lx088Jc1pxHO010412002nty0E010.mp4?label=mp4_720p&template=720x1280.24.0&ori=0&ps=1BVp4ysnknHVZu&Expires=1696957080&ssig=ngkG0jx%2Bff&KID=unistore,video",
4947829580893234,Nk4gu3Kn0,7410944106,超无敌霹雳菲,#花西子发声#感觉什么也没说,,,,花西子发声,0,0,1,2023-09-19 23:39,iPhone客户端,,,
4947829581680057,Nk4gu733H,2002755975,红客衣,#花西子发声#我不懂，主播说错话了关品牌什么事情？花西子没做错什么呀，讨伐的人脑袋都被门夹了吗？,,,,花西子发声,0,1,6,2023-09-19 23:39,iPhone客户端,,,
4947829578270810,Nk4gtyHCa,3993388209,生椰拿铁-不加糖-,说实话，用过最多的散粉就是花西子的，对比现在蛮多比较火的国货来说价格是有点偏高，但是更新换代也是最多的，是有感受到是在用心做产品，当然希望今后有高性价比的产品出现,,,,,0,0,85790,2023-09-19 23:39,荣耀90 写真相机,,,4947752490635426
4947829563852574,Nk4gsgaei,3097336260,和你们一起闪耀呀,#花西子发声#现在连一个牌子都有控评了嘛,,,,花西子发声,0,0,0,2023-09-19 23:39,OnePlus 8T,,,
4947829548385867,Nk4gqzbxV,7594782961,H是崽崽Z,一花西子币,,,,,0,0,85790,2023-09-19 23:39,一加 Ace 2 王牌兔,,,4947752490635426
4947829535015689,Nk4gpl2Od,7027028916,糖醋鱼好香-,#花西子发声#什么意思回应了但没完全回应么哈哈哈哈哈哈哈哈哈#和朱志鑫一起秋日出行#,,,,"花西子发声,和朱志鑫一起秋日出行",0,3,3,2023-09-19 23:39,⭐️下次见iPhone 14 Pro,,,
4947829531609674,Nk4gp6KKu,7391272146,吝啬章鱼的小丸子鸭呀,最近小小研究粘土人，想拼几个老公出来。因为我不努力工作，所以不涨工资没办法找人定制。结果咧，研究半天，没有完全合适的代餐。因为二次元几乎没有光头和刺猬头，咪的还勉强好找点🤏但也没有最贴的。然后还有更贵的那种，老公的头就价值大约十个花西子。还不包括肉体。w心累。老师能不能帮我省点精力省点钱就出一下手办吧。求求了，等着这个手办拿去救人命那种。and，但是我找到了腹肌嘛的代餐，连发色都很腹肌嘛。👇🏻这不是代餐了，是腹肌嘛本嘛。#努力的人工资一定不会太高#,,,,努力的人工资一定不会太高,0,0,0,2023-09-19 23:39,iPhone客户端,['https://wx2.sinaimg.cn/large/0084d1wSgy1hi2agef05dj30u00u0gq9.jpg'],,
4947829531347713,Nk4gp5EBj,2299486004,Catinpuss,能不能用上比黄金还贵的花西子呢？？？,,,,,0,0,85790,2023-09-19 23:39,HUAWEI Mate 20 Pro,,,4947752490635426
4947829493861283,Nk4glgcuL,7273995867,月落云珊,#花西子自称是地地道道的国货#你看我像买得起的样子吗,,,,花西子自称是地地道道的国货,0,0,0,2023-09-19 23:39,张云雷送的爱心发射biubiu,,,
4947829481015958,Nk4gk4giq,5719836546,电影拆台君,#五成投票网友不再去李佳琦直播间下单#笑死！怎么会有人觉得他变了？他只是现在身价上百亿懒得陪“穷鬼”玩罢了！#花西子发声#L电影拆台君的微博视频,,,,"五成投票网友不再去李佳琦直播间下单,花西子发声",0,0,5,2023-09-19 23:38,微博视频号,,"http://f.video.weibocdn.com/o0/H7qcacy9lx088Jy4MYME01041200njwI0E010.mp4?label=mp4_720p&template=1280x720.25.0&ori=0&ps=1BVp4ysnknHVZu&Expires=1696957294&ssig=eB1uokApa%2B&KID=unistore,video",
4947829450867559,Nk4gh3DGT,2546427454,微醺的烟火_Q,#花西子发声#如果我是花西子，我应该不会选择降价销售，更不会在这个时候和主播割裂。后续会选择产品升级，不管是性能还是其他方面，让它真正对得起这个价格，但绝不在这个时候因为这个原因降价销售，这是品牌的价值；不在这个时候和主播割裂，是品牌的担当。如果它还有雄心抱负想做个真正的品牌，可以一博，没有那就另当别论了。至于发声，本来也没啥好说的，就这点事儿还能表达出花来怎么着，也不存在道歉，也没对不起谁,,,,花西子发声,0,0,1,2023-09-19 23:38,快乐叭叭叭HarmonyOS设备,,,
4947829425439795,Nk4gemP8D,7744751968,祈盼屿千,#花西子发声#这回应了跟没回应一样，不知道说了些啥。。。#和朱志鑫一起秋日出行#,,,,"花西子发声,和朱志鑫一起秋日出行",0,3,0,2023-09-19 23:38,浪漫主打歌,,,
4947829409449788,Nk4gcDEjW,6013556163,海绵宝宝一口一个,韩专原来这么便宜一根花西子买了两版,,,,,0,0,0,2023-09-19 23:38,微博轻享版,,,
4947829409189117,Nk4gcCyvz,3086427707,hupoxin90,还没用过花西子，看看有没有机会,,,,,0,0,85790,2023-09-19 23:38,vivo S9e 极夜自拍,,,4947752490635426
4947829400802545,Nk4gc3mMh,7723779756,朗月公主在此,#花西子自称是地地道道的国货#花西子在海外也挺火的吧，看挺多人用的,,,,花西子自称是地地道道的国货,0,0,0,2023-09-19 23:38,小米手机,,,
4947829368293364,Nk4g8yNtW,5769778144,祁屿卿,#花西子发声#蜂花半夜悄悄在花西子耳边说，你倒闭了你的纸箱能给我吗,,,,花西子发声,0,0,0,2023-09-19 23:38,华为畅享10 Plus,,,
4947829301183464,Nk4g24XS8,2856726814,小休宁,#花西子发声#回应了但什么都没回应,,,,花西子发声,0,0,0,2023-09-19 23:38,nova 9 精彩由我摄定,,,
4947829283097624,Nk4g0cZPG,7518361651,Re-栗子遇险記,#花西子发声#和没发有啥区别国货≠护身符,,,,花西子发声,0,1,2,2023-09-19 23:38,Hi nova 9 SE,,,
4947829275756524,Nk4fZo9xa,3329985654,芒果台女汉子,#花西子发声#花西子终于出来回应了，但仔细一看好像什么也没回应，半句定价贵的事儿没说,,,,花西子发声,0,0,1,2023-09-19 23:38,,['https://wx3.sinaimg.cn/large/c67b8c76ly1hi2bfxa4h3j20tz1b5gvp.jpg'],,
4947829259243084,Nk4fXCMy0,3076368330,要平安喜乐哦QoQ,#你还会从李佳琦直播间买东西吗#什么叫他便宜在他那里买？他便宜是因为他垄断市场不让比他便宜所以他最便宜！但是这个所谓的最低价真的是最低价吗？都已经垄断到中间商拿捏品牌方的地步了，还要继续吗？是花西子贵，是本次吐槽的点，但是这次主要暴雷的难道不是李佳琦他的不当言论吗？怎么花西子品牌方寄了李佳琦中间商继续装没事人似的直播呢？试想如果没有他的坑位费，如果没有他的中间抽成是否能真真正正的拿到最低价？？？不去抵制却反而支持不就是助纣为虐吗？有人的言论说的有理有据的，我都快分不清楚是真的傻还是水军,,,,你还会从李佳琦直播间买东西吗,0,2,22,2023-09-19 23:38,iPad Pro,,,
4947829242725951,Nk4fWbr8X,6056282767,晚江词,#花西子发声#花西子，你还记得当初10元只为让消费者体验你们刚推出雕花口红的时候吗？别只想着找主播赚快钱了，真诚一点儿给消费者让利才是正道,,,,花西子发声,0,0,0,2023-09-19 23:38,,"['https://wx1.sinaimg.cn/large/006BRxO7ly1hi2bc0st81j30u01uothq.jpg', 'https://wx2.sinaimg.cn/large/006BRxO7ly1hi2bc1dqn7j30u01uotil.jpg', 'https://wx2.sinaimg.cn/large/006BRxO7ly1hi2bc1zgkrj30u01uo13v.jpg']",,
4947829242725580,Nk4fWbr2Y,7776145532,Pkuyacslum,#花西子发声#我又想起了79。,,,,花西子发声,0,0,1,2023-09-19 23:38,为你写的情诗,,,
4947829221228696,Nk4fU59DG,3823913690,EEEEating噢,说实话，买了一次眉笔用了快五年，但那个时候直播间价格才50+，很划算是真的很划算，好用也是真心好用。花西子气垫我不断回购，差不多三年了吧，一度感叹国货崛起了但是搞活动的价格也是真的在一路升升升，而且活动也越来越少……我不太懂……,,,,,0,0,85790,2023-09-19 23:37,HarmonyOS设备,,,4947752490635426
4947829216510802,Nk4fTrjKW,7747103218,羊村懒村霸,#花西子发声#回应什么了不就是卖惨吗搞抽jiang送眉笔前几天骂的人去抽的话……反而会被嘲笑，明明觉得贵不好用，但是依旧要去买要去抽,,,,花西子发声,12,2,47,2023-09-19 23:37,,,,
4947829171422764,Nk4fP5Y7O,5251495314,小王小王努力吧,#花西子发声#废话文学,,,,花西子发声,0,0,1,2023-09-19 23:37,iPhone客户端,,,
4947829166969630,Nk4fOtf7o,5608112154,行了不想听伱说,#花西子发声#那你卖7.9吧。。。。,,,,花西子发声,0,0,1,2023-09-19 23:37,OPPO A56 5G,,,
4947829158841662,Nk4fNB67s,6654786865,此情此景何以堪,西湖西子花西子,,,,,0,0,85790,2023-09-19 23:37,荣耀9 美得有声有色,,,4947752490635426
4947829144947274,Nk4fMkL0K,6019787783,侠女山的小星球,#花西子发声#这公关水平真的还没它产品贵,,,,花西子发声,0,0,2,2023-09-19 23:37,Android,,,
4947829137609148,Nk4fLvVuc,7276235980,杀坦,#花西子自称是地地道道的国货#虽然……但是……确实报用是真的！,,,,花西子自称是地地道道的国货,0,0,0,2023-09-19 23:37,摩托货拉Android,['https://wx4.sinaimg.cn/large/007WqlmQly1hi2bfts4gag306y06yqv5.jpg'],,
4947829124761876,Nk4fKjYMs,7807245892,零霖零霖,#花西子发声#一堆废话,,,,花西子发声,0,0,1,2023-09-19 23:37,余宇涵得不到的心上人,,,
4947829104316938,Nk4fIi722,5511774404,熙熙和羞羞的小玩子,#花西子发声#成也+7败也7，不得不说确实贵，但我素颜，割不到我,,,,花西子发声,0,0,0,2023-09-19 23:37,熙熙的兔子iPhone 8 Plus（深空灰色）,,,
4947829103527452,Nk4fIeNEo,7749454915,菠菜版的莫莫,#花西子发声#所以会降价吗？,,,,花西子发声,0,0,0,2023-09-19 23:37,大耳狗的肉桂卷,,,
4947829087012488,Nk4fGtqgE,7326064792,李-金金,抽中我，我还没用过花西子哎~,,,,,0,0,85790,2023-09-19 23:37,OPPO Find N2 Flip,,,4947752490635426
4947829082819277,Nk4fGbPqd,7200803807,顶呱呱公司董事长,#花西子发声#抬走吧,,,,花西子发声,0,0,0,2023-09-19 23:37,真我X7 Pro 5G,,,
4947829078100370,Nk4fFxZh8,6052802656,1见倾心love,@花西子Florasis试试,,,花西子Florasis,,0,0,85790,2023-09-19 23:37,OPPO Reno8 5G,,,4947752490635426
4947829057654447,Nk4fDw7gP,7583774963,唯舞准则,#花西子发声#少道德绑架谁规定的国货就必须买,,,,花西子发声,0,0,3,2023-09-19 23:37,软菌宝宝的Android,,,
4947829027507216,Nk4fAvuY8,7396937998,谁的臭袜子啊,#花西子发声#看不懂思密达,,,,花西子发声,0,0,1,2023-09-19 23:37,荣耀Magic5,,,
4947829020166744,Nk4fA0Hnq,5284862619,你也是来种地的吧,#花西子发声#,,,,花西子发声,0,0,85790,2023-09-19 23:37,Note 9 Pro 一亿像素,,,4947752490635426
4947829016232587,Nk4fzq9nB,3028039373,葭拾壹,#花西子发声#别用国货绑架消费者，你个国货之耻,,,,花西子发声,0,0,2,2023-09-19 23:37,微博轻享版,,,
4947829007845307,Nk4fywUVd,7056835879,用户7056835879,花西子说，我是真的不赚钱,,,,,0,0,408535,2023-09-19 23:37,iPhone客户端,,,4947748803838528
4947828999195203,Nk4fxCA5J,6595484736,妹力讯号,#花西子发声#感觉就是回应了又好像没回应,,,,花西子发声,0,0,0,2023-09-19 23:37,🐹🐶iPhone 13,,,
4947828998672372,Nk4fxAo4Y,7578154571,一品生活198207,#花西子发声#游戏规则玩得溜溜的，从来没有买过，但是人家说的是事实，愿意买就买，没钱就不买，没钱和努力没关系吗,,,,花西子发声,0,0,0,2023-09-19 23:37,OPPO A72 5G,,,
4947828993688381,Nk4fxftw1,7478730128,吃小笋的大猫,#花西子发声#写了跟没写一样，别拉着杭州说事,,,,花西子发声,0,0,0,2023-09-19 23:37,iPhone客户端,,,
4947828952271654,Nk4ft9wXA,6420185236,我又买衣服了啊,#花西子发声#这操作,,,,花西子发声,0,0,0,2023-09-19 23:36,iPhone客户端,,,
4947828927104399,Nk4fqtOb5,1761145661,爱不放,#花西子发声#似曾相识，这不就是明星道歉范本啊,,,,花西子发声,0,0,2,2023-09-19 23:36,HUAWEI Mate 40 Pro,,,
4947828888567846,Nk4fmzWT4,5880983409,BeaUtiFuL正,#花西子发声#哦,,,,花西子发声,0,0,0,2023-09-19 23:36,iPhone客户端,,,
4947828864976518,Nk4fkkSCq,7614920085,博肖的臭妹妹,花西子有什么错,,,,,0,0,85790,2023-09-19 23:36,vivo X60 Pro蔡司影像,,,4947752490635426
4947828852396001,Nk4fja3jb,2345713862,阿让ya,#花西子发声#一花等于79请问，每天早饭需要几花？答:0.1,,,,花西子发声,0,0,0,2023-09-19 23:36,微博轻享版,,,
4947828848460030,Nk4fizuQ6,5272069730,中二少女的三文鱼,#花西子发声#谁不是国货啊，少来道德绑架,,,,花西子发声,0,0,2,2023-09-19 23:36,iQOO Neo8,,,
4947828842696552,Nk4fibjuM,6504760633,HoLoYoLoAurora,#花西子发声#“我国货，你买单”,,,,花西子发声,0,0,1,2023-09-19 23:36,iPhone,,,
4947828842959650,Nk4ficpWi,5719836546,电影拆台君,#你接受花西子的道歉吗#花西子的豪赌！有网友说静看他的对赌协议会不会赔死！我以为是我不会装，原来大家都装不进去！#花西子发声#L电影拆台君的微博视频,,,,"你接受花西子的道歉吗,花西子发声",0,0,4,2023-09-19 23:36,微博视频号,,"http://f.video.weibocdn.com/o0/BtnpN4zplx088JxNunRu01041200daCt0E010.mp4?label=mp4_720p&template=1280x720.25.0&ori=0&ps=1BVp4ysnknHVZu&Expires=1696958121&ssig=%2B2RtIj2IGl&KID=unistore,video",
4947828831682892,Nk4fh73Nq,6784521578,故事是你啊zzzzzz,花西子,,,,,0,0,927153,2023-09-19 23:36,iPhone客户端,,,4947738510229678
4947828827493156,Nk4fgvrjm,6200714243,晚霞里的晚风,希望花西子可以真的用心做产品,,,,,0,0,85790,2023-09-19 23:36,Android,,,4947752490635426
4947828817792636,Nk4ffwHdG,7738029848,龄晨的微醺,#花西子发声#哈哈哈它还自己手动控评只回对自己好的正常的评价还跳着回,,,,花西子发声,0,0,0,2023-09-19 23:36,荣耀8X,,,
4947828817267540,Nk4ffuuCo,2155945831,一句文本,#花西子发声#今天赚了1个花西子,,,,花西子发声,0,0,0,2023-09-19 23:36,Android,,,
4947828805992518,Nk4fep8Vw,5165700358,我是个不太冷的烤鸭杀手,我试试@花西子Florasis,,,花西子Florasis,,0,0,85790,2023-09-19 23:36,iPhone客户端,,,4947752490635426
4947828763002135,Nk4facAZx,5650338413,柠檬香菜养乐多,#花西子发声#这个时候不如拿出点诚意，眉笔改成7.9,,,,花西子发声,0,0,0,2023-09-19 23:36,iQOO Neo5 生而为赢,,,
4947828726828717,Nk4f6sEsB,6116126345,iR白日梦想家,#花西子发声#已阅,,,,花西子发声,0,0,0,2023-09-19 23:35,nova7Pro你在焦点在,,,
4947828725517693,Nk4f6n9p3,7322674601,互联网领路人,"#花西子发声#""近日引发广泛关注，人们对品牌发声表达了不同的看法。有人赞赏品牌回应问题的及时性，认为这体现了品牌对消费者的尊重和负责任态度。也有人对品牌的处理方式提出质疑，希望能够得到更详细的解释和解决方案。花西子作为一家知名品牌，需要认真倾听消费者的意见和承诺改进，保持良好的公信力和口碑。只有与消费者密切互动，才能确保品牌形象的稳步提升。",,,,花西子发声,2,0,107,2023-09-19 23:35,vivo S9e 极夜自拍,['https://wx3.sinaimg.cn/large/007ZzcaRgy1hi2be4nlc3j30gf0zkn2z.jpg'],,
4947788620105624,Nk3cq0rtC,1984605183,陈震-有困难找华振,金融机构美女高管怒骂投资人，暴雷了欠钱还这么横？最近暴雷的机构很多，祈祷粉丝们不要遇到这么霸道的机构高管。#某台湾知名男星怒骂空姐半小时##花西子发声##徐娇回归周星驰公司#L陈震-有困难找华振的微博视频,,,,"某台湾知名男星怒骂空姐半小时,花西子发声,徐娇回归周星驰公司",244,47,1234,2023-09-19 20:56,微博视频号,,"http://f.video.weibocdn.com/o0/sPm80njClx088JmT2V8c01041200lZn50E010.mp4?label=mp4_hd&template=636x360.25.0&ori=0&ps=1BVp4ysnknHVZu&Expires=1696958322&ssig=mWKdjzn5qU&KID=unistore,video",
4947828722371830,Nk4f69X1k,1517916214,米瑞蓉,这暴脾气，我居然看完了,,,,,51,23,1234,2023-09-19 23:35,华为Mate30保时捷设计,,,4947788620105624
4947828708740479,Nk4f4AFNt,1866219410,arashiroyoo,#花西子发声#十三点！,,,,花西子发声,0,0,1,2023-09-19 23:35,Xiaomi 12S Pro,,,
4947810149732581,Nk3L8EPT7,1660925262,郝倩在欧洲,真的就如@江宁婆婆归纳总结的，这洋洋洒洒千字文，中心思想就四个字：“无法回复”。朋友说，花西子的背后推手很郁闷这一波流量居然被一批老国货品牌收割了，就算是竞品们收割了流量，他们也不会这么心烦。披着国货的皮，吃着国货的情绪，却又不想真正去对标那些踏踏实实做事的国货，这就是花西子。就解释了为什么前几天忽然一股逆流开始指责蜂花们蹭流量，骂蜂花们论斤卖做坏了市场。因为他们卖的不是产品不是科技不是研发，而是营销。如果还有别的，那大概就是设计。千字文没有提到头部主播，没有提到研发都干了啥，没有提到成本和营销分成。大概是因为网友们说的都是对的，所以“无法回复”…不是“中国制造”就叫“国货”。国货不易，可你不算真国货；“国货自强”四个字，与你无关。#花西子发声##花西子事件后老牌国货销量暴涨#,,,江宁婆婆,"花西子发声,花西子事件后老牌国货销量暴涨",18,25,239,2023-09-19 22:22,iPhone 12,['https://wx1.sinaimg.cn/large/62ffb54egy1hi2901l0iyj20wi3yxtj3.jpg'],,
4947828672040853,Nk4f18yUZ,1200521362,9绿叶素荣9,披着国货的皮，吃着国货的情绪，却又不想真正去对标那些踏踏实实做事的国货，何止花西子！～～～还有一众粗制滥造的所谓“国货”,,,,,0,0,239,2023-09-19 23:35,Nokia X7拍暗叫绝,,,4947810149732581
4947828662338962,Nk4f09Otc,7756079825,是十二的叶子呀,#花西子发声#好啦好啦知道拉，你别发声拉，也不知道说的什么东西，我不买还不行吗,,,,花西子发声,0,0,3,2023-09-19 23:35,iQOO Z8,,,
4947828651329664,Nk4eZ5zUc,7577204234,不是小蛋,#花西子发声#双十一快来了,,,,花西子发声,0,1,0,2023-09-19 23:35,小蛋的Android,,,
4947828637438424,Nk4eXvd4A,7817452237,小铭泡花茶,#花西子发声#所以，说了些什么,,,,花西子发声,0,0,1,2023-09-19 23:35,陈浚铭Android,,,
4947828616463039,Nk4eVr7kz,6034642118,向日葵50315,价格是贵了点！但那些言不好的论不是花西子说的！希望减少营销成本！做好产品！产品口碑是好的！,,,,,0,0,85789,2023-09-19 23:35,HUAWEI Mate 40 Pro,,,4947752490635426
4947828605193169,Nk4eUlMYN,7684102670,小猪包一口吃俩,#花西子发声#这道歉信和放屁一样,,,,花西子发声,0,0,4,2023-09-19 23:35,智秀的Android,,,
4947828603618219,Nk4eUfbgn,7266550706,吴家小晚,#花西子发声#虽没有看完，但也不想看完,,,,花西子发声,0,0,0,2023-09-19 23:35,,,,
4947828579764437,Nk4eREYaV,7416915356,阿银在不在,#花西子发声#算了，我想在脑海里只有李佳琦的各种整活视频，抱一丝啊,,,,花西子发声,0,0,0,2023-09-19 23:35,荣耀60 SE 5G,,,
4947828562726156,Nk4eQbrcg,6252564136,fish-star-star,#花西子发声#这阅读量好高啊，全民都在关注的事，不知道过几天又被忘记了,,,,花西子发声,0,0,0,2023-09-19 23:35,微博轻享版,,,
4947828550145124,Nk4eP0BKI,7053650616,张饭饭2001,蜜粉好用的其他还没有入国货加油（喜欢花西子这个名字😃）,,,,,0,0,85789,2023-09-19 23:35,iPhone客户端,,,4947752490635426
4947828549358532,Nk4eODgA4,2314557540,lmienig,没用过花西子的来了,,,,,0,0,85789,2023-09-19 23:35,iPhone客户端,,,4947752490635426
4947828545424093,Nk4eOmL3n,3294146274,想转运的樱桃糯米兔,#花西子发声#很官方的模板型公关文，字数挺多，但是大而空，绕开重点的实质问题，没有实质的改进措施。唯一重点是强调自己是国货……然而，这阵子的事件说明了国货有不少，只不过以前的推广不够，消费者可以从中选择优质的产品和良心的好商家。,,,,花西子发声,0,0,0,2023-09-19 23:35,,,,
