parent_comment_id,comment_id,comment_time,comment_location,comment_user_name,comment_user_link,comment_content,comment_like_num,child_comment_num
,c4952329327215306,2023-10-02 09:39:44,来自江西,古今惟一状元驸马郑颢,https://weibo.com//u/5356853777,看来真的换人了。所以，发疯的那个才上了几天班？工资怎么结的？,936,19
,c4952377574295482,2023-10-02 12:51:27,来自新疆,苏下下喜欢吃青椒,https://weibo.com//u/5096972216,不是让消费者去boss找工作吗。我看你背刺消费者挺在行啊,501,22
,c4952341042171844,2023-10-02 10:26:17,来自安徽,熊猫回血,https://weibo.com//u/7099909810,被dis的不发疯了！,213,1
,c4952496412558463,2023-10-02 20:43:39,来自重庆,Cloud格子,https://weibo.com//u/6465346758,"花西子，狗都不买<img alt=""[笑cry]"" title=""[笑cry]"" src=""https://face.t.sinajs.cn/t4/appstyle/expression/ext/normal/4a/2018new_xiaoku_thumb.png"" />",209,4
,c4952436315000296,2023-10-02 16:44:52,来自海南,芜湖挖藕藕也,https://weibo.com//u/6972726817,"不好意思啊，在首页刷到你那条言之无物的声明了，特地进来骂一下你<img alt=""[太开心]"" title=""[太开心]"" src=""https://face.t.sinajs.cn/t4/appstyle/expression/ext/normal/1e/2018new_taikaixin_org.png"" /><img alt=""[太开心]"" title=""[太开心]"" src=""https://face.t.sinajs.cn/t4/appstyle/expression/ext/normal/1e/2018new_taikaixin_org.png"" /><img alt=""[太开心]"" title=""[太开心]"" src=""https://face.t.sinajs.cn/t4/appstyle/expression/ext/normal/1e/2018new_taikaixin_org.png"" />",182,0
,c4954249730981965,2023-10-07 16:50:43,来自广东,零淚雪namidayuki,https://weibo.com//u/2649214341,你给丘妈设计的造型真的不合适，好难看，我是丘妈我真的想报警了,146,8
,c4952329155512964,2023-10-02 09:39:03,来自河南,春禾树,https://weibo.com//u/6255478900,"今天怎么不发疯啦<img alt=""[哈哈]"" title=""[哈哈]"" src=""https://face.t.sinajs.cn/t4/appstyle/expression/ext/normal/8f/2018new_haha_org.png"" />",98,0
,c4952325405018715,2023-10-02 09:24:09,来自广西,派大星摸鱼,https://weibo.com//u/7007952535,"西西子还不错哦<img alt=""[doge]"" title=""[doge]"" src=""https://face.t.sinajs.cn/t4/appstyle/expression/ext/normal/a1/2018new_doge02_org.png"" />",19,1
,c4952330049160337,2023-10-02 09:42:36,来自福建,bigvvdd,https://weibo.com//u/5885674186,开始上班了吗,16,0
,c4952406820913972,2023-10-02 14:47:40,来自广东,是你的小i吗,https://weibo.com//u/7538645710,"今天怎么不发疯了给你一巴掌看你发不发电<img alt=""[挤眼]"" title=""[挤眼]"" src=""https://face.t.sinajs.cn/t4/appstyle/expression/ext/normal/43/2018new_jiyan_org.png"" /><img alt=""[挤眼]"" title=""[挤眼]"" src=""https://face.t.sinajs.cn/t4/appstyle/expression/ext/normal/43/2018new_jiyan_org.png"" /><img alt=""[挤眼]"" title=""[挤眼]"" src=""https://face.t.sinajs.cn/t4/appstyle/expression/ext/normal/43/2018new_jiyan_org.png"" />",34,0
,c4952324282516722,2023-10-02 09:19:41,来自广东,木木09_11,https://weibo.com//u/7417238807,"所以还不打算告诉我们小李子拿了多少点，还不打算给它降下来吗？<img alt=""[笑cry]"" title=""[笑cry]"" src=""https://face.t.sinajs.cn/t4/appstyle/expression/ext/normal/4a/2018new_xiaoku_thumb.png"" />",35,0
,c4954289199384564,2023-10-07 19:27:34,来自江苏,小曹吃不饱__,https://weibo.com//u/7486190056,"你看你把丘索维金娜画成什么样子了<img alt=""[允悲]"" title=""[允悲]"" src=""https://face.t.sinajs.cn/t4/appstyle/expression/ext/normal/83/2018new_kuxiao_org.png"" />",32,0
,c4952424198705207,2023-10-02 15:56:43,来自江苏,夏日甜心巧克力蛋糕,https://weibo.com//u/6386994544,抽奖吗,3,0
,c4952372037027371,2023-10-02 12:29:27,来自福建,就看着你呢_,https://weibo.com//u/2212007674,"别人怎么说你不重要,重要的是你想成为什么样的<img alt=""[心]"" title=""[心]"" src=""https://face.t.sinajs.cn/t4/appstyle/expression/ext/normal/8a/2018new_xin_org.png"" /><img alt=""[心]"" title=""[心]"" src=""https://face.t.sinajs.cn/t4/appstyle/expression/ext/normal/8a/2018new_xin_org.png"" />",7,4
,c4955235463465717,2023-10-10 10:07:41,来自江苏,lyf的圈外好友,https://weibo.com//u/6568424966,"<img alt=""[吃瓜]"" title=""[吃瓜]"" src=""https://face.t.sinajs.cn/t4/appstyle/expression/ext/normal/01/2018new_chigua_org.png"" />",1,0
,c4952320325455735,2023-10-02 09:03:58,来自青海,-柒王爷my,https://weibo.com//u/7754811323,"<img alt=""[打call]"" title=""[打call]"" src=""https://face.t.sinajs.cn/t4/appstyle/expression/ext/normal/39/moren_dacall02_org.png"" /><img alt=""[打call]"" title=""[打call]"" src=""https://face.t.sinajs.cn/t4/appstyle/expression/ext/normal/39/moren_dacall02_org.png"" /><img alt=""[打call]"" title=""[打call]"" src=""https://face.t.sinajs.cn/t4/appstyle/expression/ext/normal/39/moren_dacall02_org.png"" /><img alt=""[打call]"" title=""[打call]"" src=""https://face.t.sinajs.cn/t4/appstyle/expression/ext/normal/39/moren_dacall02_org.png"" /><img alt=""[打call]"" title=""[打call]"" src=""https://face.t.sinajs.cn/t4/appstyle/expression/ext/normal/39/moren_dacall02_org.png"" />",3,0
,c4952457173534619,2023-10-02 18:07:45,来自甘肃,一只黑化中的小猫,https://weibo.com//u/6663146676,"<img alt=""[喵喵]"" title=""[喵喵]"" src=""https://face.t.sinajs.cn/t4/appstyle/expression/ext/normal/7b/2018new_miaomiao_org.png"" />",2,0
,c4952323854172298,2023-10-02 09:17:58,来自山东,_是Agnes嚛_,https://weibo.com//u/1849583127,看发疯来喽,12,0
,c4954323445880069,2023-10-07 21:43:39,来自山西,岳来粤好的纲丝儿,https://weibo.com//u/2304881102,那个广告真的画的好丑,15,0
,c4952324046324119,2023-10-02 09:18:44,来自河南,最好的我值得拥有,https://weibo.com//u/6612357681,屎,18,0
,c4952335429926946,2023-10-02 10:03:58,来自江苏,依然是xbd呀,https://weibo.com//u/1715209863,"<img alt=""[喵喵]"" title=""[喵喵]"" src=""https://face.t.sinajs.cn/t4/appstyle/expression/ext/normal/7b/2018new_miaomiao_org.png"" />",1,0
,c4955392343016350,2023-10-10 20:31:04,来自江西,如愿ye,https://weibo.com//u/7606579930,"<img alt=""[哇]"" title=""[哇]"" src=""https://face.t.sinajs.cn/t4/appstyle/expression/ext/normal/3d/2022_wow_org.png"" />",0,0
,c4955308880824260,2023-10-10 14:59:25,来自浙江,雪碧女王-,https://weibo.com//u/2642678334,"正常上班<img alt=""[偷笑]"" title=""[偷笑]"" src=""https://face.t.sinajs.cn/t4/appstyle/expression/ext/normal/71/2018new_touxiao_org.png"" />",0,0
,c4955274303767411,2023-10-10 12:42:01,来自福建,想耀吃丸子-,https://weibo.com//u/6604758898,"<img alt=""[赢牛奶]"" title=""[赢牛奶]"" src=""https://face.t.sinajs.cn/t4/appstyle/expression/ext/normal/9c/2021_yingniunai_org.png"" />",0,0
,c4955249389077862,2023-10-10 11:03:01,来自河北,浪味仙女哦,https://weibo.com//u/7736001703,"来了<img alt=""[心]"" title=""[心]"" src=""https://face.t.sinajs.cn/t4/appstyle/expression/ext/normal/8a/2018new_xin_org.png"" />",0,0
,c4954245800395465,2023-10-07 16:35:07,来自江西,七月的秋禾,https://weibo.com//u/7221622888,"听说你又被骂上热搜了啊<img alt=""[doge]"" title=""[doge]"" src=""https://face.t.sinajs.cn/t4/appstyle/expression/ext/normal/a1/2018new_doge02_org.png"" />",6,0
,c4952924630024817,2023-10-04 01:05:15,来自吉林,刘思莹TomandJerry,https://weibo.com//u/7228790172,花西子,0,0
,c4952510143924511,2023-10-02 21:38:14,来自河南,不能没有演唱会的橙妈,https://weibo.com//u/2693475237,中奖的眉笔货收到，感谢！已经在用了,2,4
,c4952423828557808,2023-10-02 15:55:15,来自辽宁,小夭往哪里逃,https://weibo.com//u/7791983569,"<img alt=""[哈哈]"" title=""[哈哈]"" src=""https://face.t.sinajs.cn/t4/appstyle/expression/ext/normal/8f/2018new_haha_org.png"" />",0,0
,c4952397094584977,2023-10-02 14:09:00,来自海南,专属森系小店,https://weibo.com//u/7516639124,"收到眉笔了，还不错<img alt=""[爱你]"" title=""[爱你]"" src=""https://face.t.sinajs.cn/t4/appstyle/expression/ext/normal/f6/2018new_aini_org.png"" />",0,0
,c4952363841618901,2023-10-02 11:56:53,来自云南,欧皇凯歌,https://weibo.com//u/7493819606,"<img alt=""[嘻嘻]"" title=""[嘻嘻]"" src=""https://face.t.sinajs.cn/t4/appstyle/expression/ext/normal/33/2018new_xixi_org.png"" /><img alt=""[嘻嘻]"" title=""[嘻嘻]"" src=""https://face.t.sinajs.cn/t4/appstyle/expression/ext/normal/33/2018new_xixi_org.png"" />",0,0
,c4952332762351038,2023-10-02 09:53:23,来自安徽,努力的小蜗牛s,https://weibo.com//u/2242347511,666,1,0
,c4953637610850373,2023-10-06 00:18:23,来自上海,一颗神秘的西兰花,https://weibo.com//u/3197104534,"花疯子 打镇定剂了<img alt=""[笑cry]"" title=""[笑cry]"" src=""https://face.t.sinajs.cn/t4/appstyle/expression/ext/normal/4a/2018new_xiaoku_thumb.png"" /><img alt=""[笑cry]"" title=""[笑cry]"" src=""https://face.t.sinajs.cn/t4/appstyle/expression/ext/normal/4a/2018new_xiaoku_thumb.png"" /><img alt=""[笑cry]"" title=""[笑cry]"" src=""https://face.t.sinajs.cn/t4/appstyle/expression/ext/normal/4a/2018new_xiaoku_thumb.png"" /><img alt=""[笑cry]"" title=""[笑cry]"" src=""https://face.t.sinajs.cn/t4/appstyle/expression/ext/normal/4a/2018new_xiaoku_thumb.png"" /><img alt=""[笑cry]"" title=""[笑cry]"" src=""https://face.t.sinajs.cn/t4/appstyle/expression/ext/normal/4a/2018new_xiaoku_thumb.png"" /><img alt=""[笑cry]"" title=""[笑cry]"" src=""https://face.t.sinajs.cn/t4/appstyle/expression/ext/normal/4a/2018new_xiaoku_thumb.png"" /><img alt=""[笑cry]"" title=""[笑cry]"" src=""https://face.t.sinajs.cn/t4/appstyle/expression/ext/normal/4a/2018new_xiaoku_thumb.png"" />",2,0
,c4954706629102258,2023-10-08 23:06:17,来自广东,_流浪喵终于改名字了,https://weibo.com//u/2334036053,"<img alt=""[哆啦A梦害怕]"" title=""[哆啦A梦害怕]"" src=""https://face.t.sinajs.cn/t4/appstyle/expression/ext/normal/35/2022_dorashock_org.png"" />好好一个运动员，穿马面裙不行吗？化英气一点的妆容不行吗？这是在干嘛",3,0
,c4954332854224427,2023-10-07 22:21:02,来自新疆,小8的海贼团,https://weibo.com//u/2513912135,大家觉得好看么 ,9,3
,c4954286079608673,2023-10-07 19:15:10,来自北京,金小仙儿0904,https://weibo.com//u/7726138037,"我以为你终于正常了，没想到你憋个大的<img alt=""[裂开]"" title=""[裂开]"" src=""https://face.t.sinajs.cn/t4/appstyle/expression/ext/normal/1b/202011_liekai_org.png"" />",12,1
,c4954269431628357,2023-10-07 18:09:00,来自福建,尼Ryo,https://weibo.com//u/1974802797,一言难尽,2,0
,c4955595300931413,2023-10-11 09:57:33,来自山东,啵啵桃桃G,https://weibo.com//u/7480410981,"互动来一次<img alt=""[抱一抱]"" title=""[抱一抱]"" src=""https://face.t.sinajs.cn/t4/appstyle/expression/ext/normal/af/2020_hug_org.png"" />",0,0
,c4955590319146436,2023-10-11 09:37:45,来自陕西,我真的好难过啊啊啊啊啊,https://weibo.com//u/7422473946,………,0,0
,c4955471972401755,2023-10-11 01:47:29,来自山西,哦蛋蛋啊233,https://weibo.com//u/5756911726,"<img alt=""[doge]"" title=""[doge]"" src=""https://face.t.sinajs.cn/t4/appstyle/expression/ext/normal/a1/2018new_doge02_org.png"" />",0,0
,c4955454893983365,2023-10-11 00:39:37,来自河南,失眠少女是我啊,https://weibo.com//u/6340017590,我觉得你们蛮好的哦,0,0
,c4955343635088396,2023-10-10 17:17:31,来自天津,鹿麻麻0129,https://weibo.com//u/7378194830,"<img alt=""[打call]"" title=""[打call]"" src=""https://face.t.sinajs.cn/t4/appstyle/expression/ext/normal/39/moren_dacall02_org.png"" /><img alt=""[打call]"" title=""[打call]"" src=""https://face.t.sinajs.cn/t4/appstyle/expression/ext/normal/39/moren_dacall02_org.png"" />",0,0
,c4955328652771649,2023-10-10 16:17:58,来自湖北,橙子evol,https://weibo.com//u/7324373072,"<img alt=""[嘻嘻]"" title=""[嘻嘻]"" src=""https://face.t.sinajs.cn/t4/appstyle/expression/ext/normal/33/2018new_xixi_org.png"" />",0,0
,c4955314997428969,2023-10-10 15:23:43,来自广东,lTiny_,https://weibo.com//u/7759229200,"<img alt=""[揣手]"" title=""[揣手]"" src=""https://face.t.sinajs.cn/t4/appstyle/expression/ext/normal/af/2022_chuaishou_org.png"" /><img alt=""[揣手]"" title=""[揣手]"" src=""https://face.t.sinajs.cn/t4/appstyle/expression/ext/normal/af/2022_chuaishou_org.png"" /><img alt=""[揣手]"" title=""[揣手]"" src=""https://face.t.sinajs.cn/t4/appstyle/expression/ext/normal/af/2022_chuaishou_org.png"" /><img alt=""[揣手]"" title=""[揣手]"" src=""https://face.t.sinajs.cn/t4/appstyle/expression/ext/normal/af/2022_chuaishou_org.png"" />",0,0
,c4955313508451050,2023-10-10 15:17:48,来自广东,lTiny_,https://weibo.com//u/7759229200,"<img alt=""[好喜欢]"" title=""[好喜欢]"" src=""https://face.t.sinajs.cn/t4/appstyle/expression/ext/normal/d6/lxhlike_thumb.gif"" />",0,0
,c4955313490889491,2023-10-10 15:17:44,来自广东,lTiny_,https://weibo.com//u/7759229200,"<img alt=""[开学季]"" title=""[开学季]"" src=""https://face.t.sinajs.cn/t4/appstyle/expression/ext/normal/72/2021_kaixueji_org.png"" />",0,0
,c4955295925929072,2023-10-10 14:07:56,来自浙江,晚上吹海风z,https://weibo.com//u/5649977509,"<img alt=""[doge]"" title=""[doge]"" src=""https://face.t.sinajs.cn/t4/appstyle/expression/ext/normal/a1/2018new_doge02_org.png"" /><img alt=""[doge]"" title=""[doge]"" src=""https://face.t.sinajs.cn/t4/appstyle/expression/ext/normal/a1/2018new_doge02_org.png"" />",0,0
,c4955294712727198,2023-10-10 14:03:07,来自安徽,sml碎嘴子号,https://weibo.com//u/6068752790,"<img alt=""[哇]"" title=""[哇]"" src=""https://face.t.sinajs.cn/t4/appstyle/expression/ext/normal/3d/2022_wow_org.png"" /><img alt=""[哇]"" title=""[哇]"" src=""https://face.t.sinajs.cn/t4/appstyle/expression/ext/normal/3d/2022_wow_org.png"" />",0,0
,c4955293559291938,2023-10-10 13:58:31,来自河北,藏身于薄雾之中,https://weibo.com//u/5255383384,"<img alt=""[桃里桃气]"" title=""[桃里桃气]"" src=""https://face.t.sinajs.cn/t4/appstyle/expression/ext/normal/5f/2023_TaoLiTaoQi_org.png"" /><img alt=""[桃里桃气]"" title=""[桃里桃气]"" src=""https://face.t.sinajs.cn/t4/appstyle/expression/ext/normal/5f/2023_TaoLiTaoQi_org.png"" />",0,0
,c4955293504769477,2023-10-10 13:58:19,来自河北,藏身于薄雾之中,https://weibo.com//u/5255383384,666,0,0
,c4955284625164757,2023-10-10 13:23:02,来自广东,林守不住他旳心,https://weibo.com//u/5391928797,"<img alt=""[打call]"" title=""[打call]"" src=""https://face.t.sinajs.cn/t4/appstyle/expression/ext/normal/39/moren_dacall02_org.png"" />",0,0
,c4955280557475924,2023-10-10 13:06:52,来自河南,张张yxa,https://weibo.com//u/6339917065,牛牛牛,0,0
,c4955261056845867,2023-10-10 11:49:23,来自上海,呼噜噜的小孩,https://weibo.com//u/6502057358,来试试,0,0
,c4955250663884111,2023-10-10 11:08:05,来自江苏,public_lin,https://weibo.com//u/5815988467,哇,0,0
,c4955247152988686,2023-10-10 10:54:08,来自湖南,笙笙bb-,https://weibo.com//u/6511642771,做好产品,0,0
,c4954969758236986,2023-10-09 16:31:51,来自江西,恋渽日记本-,https://weibo.com//u/7656829872,"我中的奖品过期了<img alt=""[泪]"" title=""[泪]"" src=""https://face.t.sinajs.cn/t4/appstyle/expression/ext/normal/6e/2018new_leimu_org.png"" />花花可以补发嘛<img alt=""[可怜]"" title=""[可怜]"" src=""https://face.t.sinajs.cn/t4/appstyle/expression/ext/normal/96/2018new_kelian_org.png"" />",0,0
,c4954524797372738,2023-10-08 11:03:45,来自河北,心平气和的乙方,https://weibo.com//u/3896973086,花西子，用了2年多了，确实还不错，一些品一直属于我的回购款，支持！！！,0,0
,c4954242302348200,2023-10-07 16:21:13,来自江苏,Echoeternalheart,https://weibo.com//u/5387002587,你瞅瞅给人家丘索维金娜化妆化的，给人女生化成个李佳琪也是一绝。,8,0
,c4953496757208835,2023-10-05 14:58:41,来自山东,离岛花音Lindsey,https://weibo.com//u/2193876562,"感觉应该没多少人买了<img alt=""[笑cry]"" title=""[笑cry]"" src=""https://face.t.sinajs.cn/t4/appstyle/expression/ext/normal/4a/2018new_xiaoku_thumb.png"" />这波有点惨",0,0
,c4953286416534884,2023-10-05 01:02:52,来自山东,Winnin图-,https://weibo.com//u/2334612911,"<img alt=""[嘘]"" title=""[嘘]"" src=""https://face.t.sinajs.cn/t4/appstyle/expression/ext/normal/b0/2018new_xu_org.png"" /><img alt=""[嘘]"" title=""[嘘]"" src=""https://face.t.sinajs.cn/t4/appstyle/expression/ext/normal/b0/2018new_xu_org.png"" />",0,0
,c4952880610284385,2023-10-03 22:10:20,来自江苏,Dandi777,https://weibo.com//u/5414486139,所以去从东边跑到西边去上班了?,1,0
,c4952871899239374,2023-10-03 21:35:43,来自山东,Hey你的益达哈,https://weibo.com//u/2473779985,"<img alt=""[月亮代表我的心]"" title=""[月亮代表我的心]"" src=""https://face.t.sinajs.cn/t4/appstyle/expression/ext/normal/4a/2022_Remyheart_org.png"" />",0,0
,c4952803815457222,2023-10-03 17:05:10,来自福建,烊烊小爆发,https://weibo.com//u/6473210312,"谢谢西西子送的眉笔<img alt=""[鼓掌]"" title=""[鼓掌]"" src=""https://face.t.sinajs.cn/t4/appstyle/expression/ext/normal/6e/2018new_guzhang_org.png"" /><img alt=""[鼓掌]"" title=""[鼓掌]"" src=""https://face.t.sinajs.cn/t4/appstyle/expression/ext/normal/6e/2018new_guzhang_org.png"" />好爱好爱<img alt=""[打call]"" title=""[打call]"" src=""https://face.t.sinajs.cn/t4/appstyle/expression/ext/normal/39/moren_dacall02_org.png"" /><img alt=""[打call]"" title=""[打call]"" src=""https://face.t.sinajs.cn/t4/appstyle/expression/ext/normal/39/moren_dacall02_org.png"" />",0,2
,c4952770463400132,2023-10-03 14:52:38,来自江苏,阿瑶-sister,https://weibo.com//u/7219897299,"<img alt=""[心]"" title=""[心]"" src=""https://face.t.sinajs.cn/t4/appstyle/expression/ext/normal/8a/2018new_xin_org.png"" />每天都要开心，加油！",0,0
,c4952700409352416,2023-10-03 10:14:17,来自江西,啊亚亚song,https://weibo.com//u/7836381885,"<img alt=""[抓狂]"" title=""[抓狂]"" src=""https://face.t.sinajs.cn/t4/appstyle/expression/ext/normal/17/2018new_zhuakuang_org.png"" /><img alt=""[抓狂]"" title=""[抓狂]"" src=""https://face.t.sinajs.cn/t4/appstyle/expression/ext/normal/17/2018new_zhuakuang_org.png"" />",0,0
,c4952696614027859,2023-10-03 09:59:12,来自河南,活力满满smile,https://weibo.com//u/6029157731,"<img alt=""[污]"" title=""[污]"" src=""https://face.t.sinajs.cn/t4/appstyle/expression/ext/normal/10/2018new_wu_org.png"" />",0,0
,c4952541270116605,2023-10-02 23:41:55,来自重庆,请叫我小仙女33,https://weibo.com//u/2547831687,"<img alt=""[doge]"" title=""[doge]"" src=""https://face.t.sinajs.cn/t4/appstyle/expression/ext/normal/a1/2018new_doge02_org.png"" />",0,0
,c4952457212333691,2023-10-02 18:07:54,来自甘肃,一只黑化中的小猫,https://weibo.com//u/6663146676,"<img alt=""[喵喵]"" title=""[喵喵]"" src=""https://face.t.sinajs.cn/t4/appstyle/expression/ext/normal/7b/2018new_miaomiao_org.png"" /><img alt=""[喵喵]"" title=""[喵喵]"" src=""https://face.t.sinajs.cn/t4/appstyle/expression/ext/normal/7b/2018new_miaomiao_org.png"" /><img alt=""[喵喵]"" title=""[喵喵]"" src=""https://face.t.sinajs.cn/t4/appstyle/expression/ext/normal/7b/2018new_miaomiao_org.png"" />",0,0
,c4952457198961419,2023-10-02 18:07:51,来自甘肃,一只黑化中的小猫,https://weibo.com//u/6663146676,"<img alt=""[喵喵]"" title=""[喵喵]"" src=""https://face.t.sinajs.cn/t4/appstyle/expression/ext/normal/7b/2018new_miaomiao_org.png"" /><img alt=""[喵喵]"" title=""[喵喵]"" src=""https://face.t.sinajs.cn/t4/appstyle/expression/ext/normal/7b/2018new_miaomiao_org.png"" />",0,0
,c4952437381661101,2023-10-02 16:49:05,来自内蒙古,想说三个字___,https://weibo.com//u/7085146732,整不错呀,0,0
,c4952435686376962,2023-10-02 16:42:22,来自浙江,哦发我都没,https://weibo.com//u/3464875170,"<img alt=""[允悲]"" title=""[允悲]"" src=""https://face.t.sinajs.cn/t4/appstyle/expression/ext/normal/83/2018new_kuxiao_org.png"" />",0,0
,c4952365805077848,2023-10-02 12:04:40,来自陕西,_山雾耀渝,https://weibo.com//u/7380429993,"来咯<img alt=""[污]"" title=""[污]"" src=""https://face.t.sinajs.cn/t4/appstyle/expression/ext/normal/10/2018new_wu_org.png"" /><img alt=""[污]"" title=""[污]"" src=""https://face.t.sinajs.cn/t4/appstyle/expression/ext/normal/10/2018new_wu_org.png"" /><img alt=""[污]"" title=""[污]"" src=""https://face.t.sinajs.cn/t4/appstyle/expression/ext/normal/10/2018new_wu_org.png"" />",1,0
,c4952358964693640,2023-10-02 11:37:30,来自河南,取一个名字取悦自己,https://weibo.com//u/2450989553,噜啦啦噜啦啦啦啦啦啦,0,0
,c4952343232122066,2023-10-02 10:34:59,来自福建,绵羊宝宝壹号,https://weibo.com//u/7853030986,哎哟不错哦,0,0
,c4952332543723373,2023-10-02 09:52:31,来自辽宁,火锅味的糖葫芦,https://weibo.com//u/7499019129,"<img alt=""[二哈]"" title=""[二哈]"" src=""https://face.t.sinajs.cn/t4/appstyle/expression/ext/normal/22/2018new_erha_org.png"" />",0,0
,c4952324277012126,2023-10-02 09:19:40,来自北京,白夜的游侠s,https://weibo.com//u/2280923135,北京有实体店吗？,0,0
,c4955062860252902,2023-10-09 22:41:49,来自四川,荔枝的枝枝_,https://weibo.com//u/6386801406,"别的先不谈，你回应一下你凭什么能代表中国妆<img alt=""[微笑]"" title=""[微笑]"" src=""https://face.t.sinajs.cn/t4/appstyle/expression/ext/normal/e3/2018new_weixioa02_org.png"" /><img alt=""[微笑]"" title=""[微笑]"" src=""https://face.t.sinajs.cn/t4/appstyle/expression/ext/normal/e3/2018new_weixioa02_org.png"" /><img alt=""[微笑]"" title=""[微笑]"" src=""https://face.t.sinajs.cn/t4/appstyle/expression/ext/normal/e3/2018new_weixioa02_org.png"" /><img alt=""[微笑]"" title=""[微笑]"" src=""https://face.t.sinajs.cn/t4/appstyle/expression/ext/normal/e3/2018new_weixioa02_org.png"" /><img alt=""[微笑]"" title=""[微笑]"" src=""https://face.t.sinajs.cn/t4/appstyle/expression/ext/normal/e3/2018new_weixioa02_org.png"" /><img alt=""[微笑]"" title=""[微笑]"" src=""https://face.t.sinajs.cn/t4/appstyle/expression/ext/normal/e3/2018new_weixioa02_org.png"" />",2,0
,c4954648933303532,2023-10-08 19:17:01,来自湖南,朵朵执禾馨,https://weibo.com//u/5409721712,"花疯子<img alt=""[喵喵]"" title=""[喵喵]"" src=""https://face.t.sinajs.cn/t4/appstyle/expression/ext/normal/7b/2018new_miaomiao_org.png"" />",1,0
,c4954254421002682,2023-10-07 17:09:22,来自辽宁,不是龙怼怼,https://weibo.com//u/6820190905,"给人运动员画成这样，我的妈呀，你居然还有脸做美妆<img alt=""[微笑]"" title=""[微笑]"" src=""https://face.t.sinajs.cn/t4/appstyle/expression/ext/normal/e3/2018new_weixioa02_org.png"" /> ",5,0
,c4954163324387912,2023-10-07 11:07:22,来自安徽,王源家的小汤圆o,https://weibo.com//u/7495661925,"还涨价了呢，现在0.08克89了<img alt=""[二哈]"" title=""[二哈]"" src=""https://face.t.sinajs.cn/t4/appstyle/expression/ext/normal/22/2018new_erha_org.png"" />",2,0
,c4954031007203667,2023-10-07 02:21:36,来自山东,Kk不吃香菜-,https://weibo.com//u/6030996000,老🍵了呢？？？ ,1,0
,c4953287083428899,2023-10-05 01:05:31,来自四川,竹亭叶业,https://weibo.com//u/6003715881,"有考虑卖自动铅笔吗<img alt=""[太开心]"" title=""[太开心]"" src=""https://face.t.sinajs.cn/t4/appstyle/expression/ext/normal/1e/2018new_taikaixin_org.png"" />",3,0
,c4952924288715331,2023-10-04 01:03:54,来自江苏,百变大潘,https://weibo.com//u/1260279407,"听说你开始作死了<img alt=""[允悲]"" title=""[允悲]"" src=""https://face.t.sinajs.cn/t4/appstyle/expression/ext/normal/83/2018new_kuxiao_org.png"" />",3,1
,c4952331423582691,2023-10-02 09:48:04,来自河北,阿里嘎多悦美眉桑,https://weibo.com//u/7829884001,干哕,6,0
,c4955655787775114,2023-10-11 13:57:54,来自云南,阮卡酱每天都吃香香,https://weibo.com//u/5598931589,"<img alt=""[允悲]"" title=""[允悲]"" src=""https://face.t.sinajs.cn/t4/appstyle/expression/ext/normal/83/2018new_kuxiao_org.png"" />你是不是被下蛊了呀…",0,0
,c4954893686934780,2023-10-09 11:29:35,来自黑龙江,岚松一生堆,https://weibo.com//u/5568031560,不发疯了啊,0,0
,c4954706793207939,2023-10-08 23:06:56,来自广东,_流浪喵终于改名字了,https://weibo.com//u/2334036053,"<img alt=""[哆啦A梦害怕]"" title=""[哆啦A梦害怕]"" src=""https://face.t.sinajs.cn/t4/appstyle/expression/ext/normal/35/2022_dorashock_org.png"" />素颜挺漂亮的一个人，转过来整成那样",0,0
,c4954613456306736,2023-10-08 16:56:02,来自广东,黑夜也会怕我,https://weibo.com//u/1582638717,这种品牌到底谁在买？,0,0
,c4954553281417698,2023-10-08 12:56:56,来自上海,唐斩俗叔,https://weibo.com//u/1577735293,"还缺不缺人，<img alt=""[doge]"" title=""[doge]"" src=""https://face.t.sinajs.cn/t4/appstyle/expression/ext/normal/a1/2018new_doge02_org.png"" />我能力策划文案美妆一流，关键骂人很难听，一天3万，日结<img alt=""[握手]"" title=""[握手]"" src=""https://face.t.sinajs.cn/t4/appstyle/expression/ext/normal/e9/2018new_woshou_org.png"" />",2,0
,c4954339410709702,2023-10-07 22:47:05,来自上海,爱吃日本拉面的柴犬宝宝,https://weibo.com//u/7862193654,你的发疯文学真可以呀,0,0
,c4954339174253965,2023-10-07 22:46:09,来自上海,爱吃日本拉面的柴犬宝宝,https://weibo.com//u/7862193654,IP属地新疆？,0,0
,c4954266585009944,2023-10-07 17:57:42,来自浙江,奥古斯_嘟嘟,https://weibo.com//u/5496082183,"丑东西<img alt=""[丰收了]"" title=""[丰收了]"" src=""https://face.t.sinajs.cn/t4/appstyle/expression/ext/normal/f2/2022_harvest_org.png"" />",5,0
,c4954266127566265,2023-10-07 17:55:53,来自中国香港,拿你个灯啊_帅哥,https://weibo.com//u/7597395504,狗都不用,1,0
,c4954248179877446,2023-10-07 16:44:34,来自广东,浮黎拂离,https://weibo.com//u/7272675196,纱布玩意,1,0
,c4953126022418218,2023-10-04 14:25:31,来自四川,阿狸很酷吖,https://weibo.com//u/5698738189,还有脸发微博？,6,0
,c4952768396397159,2023-10-03 14:44:26,来自浙江,Euryw,https://weibo.com//u/2798228873,"别带杭州别带杭州…<img alt=""[微笑]"" title=""[微笑]"" src=""https://face.t.sinajs.cn/t4/appstyle/expression/ext/normal/e3/2018new_weixioa02_org.png"" />",2,0
,c4952532755680511,2023-10-02 23:08:05,来自浙江,星首在努力,https://weibo.com//u/5926468224,狗是人类的好朋友，而你们不是,5,0
,c4952513764396836,2023-10-02 21:52:37,来自湖南,月亮说要失约,https://weibo.com//u/6094572330,"上班哪有不疯的<img alt=""[酷]"" title=""[酷]"" src=""https://face.t.sinajs.cn/t4/appstyle/expression/ext/normal/c4/2018new_ku_org.png"" />",0,0
,c4954307948448925,2023-10-07 20:42:04,来自广东,陈土豆啊啊啊,https://weibo.com//u/2805370025,"别给国货品牌丢人<img alt=""[微笑]"" title=""[微笑]"" src=""https://face.t.sinajs.cn/t4/appstyle/expression/ext/normal/e3/2018new_weixioa02_org.png"" />",2,0
,c4953059693691883,2023-10-04 10:01:57,来自四川,6954号垃圾,https://weibo.com//u/7507390450,得力真好用，下次还买,3,0
,c4952525158750433,2023-10-02 22:37:54,来自四川,Enamel昭璃,https://weibo.com//u/7793467923,"消费者是你衣食父母你不会不知道吧<img alt=""[微笑]"" title=""[微笑]"" src=""https://face.t.sinajs.cn/t4/appstyle/expression/ext/normal/e3/2018new_weixioa02_org.png"" />",3,0
,c4952474059541427,2023-10-02 19:14:51,来自山东,让我皮一会儿,https://weibo.com//u/5531681777,为啥ip 在新疆，出去旅游了？,4,0
,c4952452316529228,2023-10-02 17:48:26,来自广东,源来凯始有点玺欢你,https://weibo.com//u/6602365019,你的发疯文学那个是真行,2,0
,c4952357857135824,2023-10-02 11:33:06,来自河南,怎能清风,https://weibo.com//u/7387799456,一坨,3,0
,c4954929951933709,2023-10-09 13:53:41,来自广东,彼岸非是岸,https://weibo.com//u/2715913091,真的，你们给丘妈画的妆，整体妆造，肉眼可见的敷衍啊！！！！  救了大命！,3,0
,c4954916402757791,2023-10-09 12:59:50,来自内蒙古,A-Lemsii,https://weibo.com//u/2604221861,求你了，撒泡尿照照自己，潜心做产品吧，别每天搞风头了，你这让国外品牌笑掉大牙呀,4,0
,c4954657836239635,2023-10-08 19:52:24,来自河南,稚木眠兔,https://weibo.com//u/6521695429,"给丘妈道歉！<img alt=""[泪]"" title=""[泪]"" src=""https://face.t.sinajs.cn/t4/appstyle/expression/ext/normal/6e/2018new_leimu_org.png"" />",3,0
,c4954592242043221,2023-10-08 15:31:45,来自上海,Jennifer-MissLiu,https://weibo.com//u/3928791507,"那个妆容是真丑化<img alt=""[doge]"" title=""[doge]"" src=""https://face.t.sinajs.cn/t4/appstyle/expression/ext/normal/a1/2018new_doge02_org.png"" />",3,0
,c4954558586423494,2023-10-08 13:18:01,来自安徽,小小章鱼yk,https://weibo.com//u/3755162781,你们家拍的那个广告。丑的不忍直视，绝了，能不能好好研究一下中国的美,2,0
,c4954425064948193,2023-10-08 04:27:27,来自浙江,小肉丸呀_,https://weibo.com//u/5831326065,"不是你们花西子是不是破罐子破摔了，给丘妈化的那是个什么妆<img alt=""[费解]"" title=""[费解]"" src=""https://face.t.sinajs.cn/t4/appstyle/expression/ext/normal/2a/2018new_wenhao_org.png"" />",1,0
,c4954348344051143,2023-10-07 23:22:35,来自北京,既不二爱,https://weibo.com//u/3186875164,你完了就是完了,1,0
,c4954335681971358,2023-10-07 22:32:16,来自福建,怀·秋,https://weibo.com//u/5708159115,把人家传奇丘妈折腾成什么样了！,1,0
,c4954333558871595,2023-10-07 22:23:50,来自山西,亚蓝蓝蓝蓝蓝,https://weibo.com//u/5635594766,丑陋,1,0
,c4954306493810968,2023-10-07 20:36:17,来自河南,拾光_者,https://weibo.com//u/3266406041,我来看广告的，怎么没有啊,1,1
,c4954281373862338,2023-10-07 18:56:28,来自山东,茳峸,https://weibo.com//u/5501790916,花花加油，一直很支持你，骂你的那些人你不用理，你就当他们在骂狗就可以了，加油加油,2,0
,c4954277283628097,2023-10-07 18:40:13,来自广东,RayChul,https://weibo.com//u/2687165912,"把丘妈还回来啊喂<img alt=""[怒]"" title=""[怒]"" src=""https://face.t.sinajs.cn/t4/appstyle/expression/ext/normal/f6/2018new_nu_org.png"" /><img alt=""[怒]"" title=""[怒]"" src=""https://face.t.sinajs.cn/t4/appstyle/expression/ext/normal/f6/2018new_nu_org.png"" /><img alt=""[怒]"" title=""[怒]"" src=""https://face.t.sinajs.cn/t4/appstyle/expression/ext/normal/f6/2018new_nu_org.png"" />",1,0
,c4954260196819340,2023-10-07 17:32:18,来自天津,你好不想biebie,https://weibo.com//u/3300850800,今天想看👀花西子发疯！！！但绝对不买！！！,2,0
,c4954257738959767,2023-10-07 17:22:33,来自甘肃,椰子饼哭哭星,https://weibo.com//u/5645730647,"以前没买过以后也不会买<img alt=""[鼓掌]"" title=""[鼓掌]"" src=""https://face.t.sinajs.cn/t4/appstyle/expression/ext/normal/6e/2018new_guzhang_org.png"" />",1,0
,c4954248858044988,2023-10-07 16:47:16,来自重庆,刘籽轩,https://weibo.com//u/2360655912,啥都不说，请看图 ,2,0
,c4954248703119824,2023-10-07 16:46:39,来自江苏,高贵的吃瓜路人_黑化版,https://weibo.com//u/6320515341,不是我真无语了，你要死啊 能不能能不能做个正常人 ,2,0
,c4953768069435199,2023-10-06 08:56:47,来自黑龙江,小岚太阳,https://weibo.com//u/6509098655,"为啥我的眉笔还没发货<img alt=""[二哈]"" title=""[二哈]"" src=""https://face.t.sinajs.cn/t4/appstyle/expression/ext/normal/22/2018new_erha_org.png"" />",1,0
,c4953422224689260,2023-10-05 10:02:31,来自重庆,悲伤玉米粥ll,https://weibo.com//u/6331371383,"得力跟晨光你也敢惹，他们可是我好笔蜜<img alt=""[哼]"" title=""[哼]"" src=""https://face.t.sinajs.cn/t4/appstyle/expression/ext/normal/7c/2018new_heng_org.png"" /><img alt=""[哼]"" title=""[哼]"" src=""https://face.t.sinajs.cn/t4/appstyle/expression/ext/normal/7c/2018new_heng_org.png"" /><img alt=""[哼]"" title=""[哼]"" src=""https://face.t.sinajs.cn/t4/appstyle/expression/ext/normal/7c/2018new_heng_org.png"" />",4,0
,c4953108930627289,2023-10-04 13:17:36,来自湖北,春田花花Babyface,https://weibo.com//u/1764987902,“我 花西酱 想卖高价”你们必须感激涕零对我唱感恩的心 感恩的心 感谢有你,1,0
,c4952918500573900,2023-10-04 00:40:54,来自江苏,花开花落终无果d,https://weibo.com//u/7703853407,"从b站慕名而来<img alt=""[doge]"" title=""[doge]"" src=""https://face.t.sinajs.cn/t4/appstyle/expression/ext/normal/a1/2018new_doge02_org.png"" />看看发疯的花西子",3,0
,c4952887341091788,2023-10-03 22:37:05,来自河北,长歌汐月,https://weibo.com//u/6603881773,"勾石<img alt=""[挤眼]"" title=""[挤眼]"" src=""https://face.t.sinajs.cn/t4/appstyle/expression/ext/normal/43/2018new_jiyan_org.png"" /><img alt=""[挤眼]"" title=""[挤眼]"" src=""https://face.t.sinajs.cn/t4/appstyle/expression/ext/normal/43/2018new_jiyan_org.png"" /><img alt=""[挤眼]"" title=""[挤眼]"" src=""https://face.t.sinajs.cn/t4/appstyle/expression/ext/normal/43/2018new_jiyan_org.png"" />",5,0
,c4952771343942041,2023-10-03 14:56:08,来自浙江,源守己,https://weibo.com//u/7188458982,全讲品牌故事与文化价值，还有研发基地多好看，眉笔成本提都没提。,1,0
,c4952760673633558,2023-10-03 14:13:45,来自广西,迟到的1937,https://weibo.com//u/1875687161,你们老板是不是不让你们发疯了啊哈哈哈哈哈,1,0
,c4952729174673347,2023-10-03 12:08:35,来自湖南,南南南南南南忘,https://weibo.com//u/3231527112,"古丝绸之路要像你这么黑心坑人早完蛋了，吸人血的东西还来蹭，张骞看到了都得气活过来<img alt=""[泪]"" title=""[泪]"" src=""https://face.t.sinajs.cn/t4/appstyle/expression/ext/normal/6e/2018new_leimu_org.png"" />",1,0
,c4952665382978639,2023-10-03 07:55:06,来自湖南,龙忆1997,https://weibo.com//u/5985224291,怎么就不发疯了，我就喜欢你那个颠婆子的样子,3,0
,c4952492410668884,2023-10-02 20:27:46,来自江苏,葡萄架边上的香蕉,https://weibo.com//u/2927496833,"<img alt=""[吐]"" title=""[吐]"" src=""https://face.t.sinajs.cn/t4/appstyle/expression/ext/normal/08/2018new_tu_org.png"" />吐了",1,0
,c4952426751988278,2023-10-02 16:06:52,来自北京,于江涛是我没毛病,https://weibo.com//u/3433619954,不发疯了 不好看,1,0
,c4952392191445767,2023-10-02 13:49:32,来自陕西,不倒翁zq09,https://weibo.com//u/6479745025,花西子是不是把那篇发疯文删了，前天看还在呢,3,0
,c4952329033091443,2023-10-02 09:38:34,来自四川,MrJeese_,https://weibo.com//u/2713127780,"新疆棉花那才是纯国产<img alt=""[doge]"" title=""[doge]"" src=""https://face.t.sinajs.cn/t4/appstyle/expression/ext/normal/a1/2018new_doge02_org.png"" />",4,0
,c4955334230673266,2023-10-10 16:40:09,来自山西,鱼在这里_,https://weibo.com//u/1811787207,你歇歇吧,0,0
,c4955096427266205,2023-10-10 00:55:11,来自四川,vonr2,https://weibo.com//u/5387769172,耶，老辈子魔法披风,0,0
,c4955049010399247,2023-10-09 21:46:47,来自北京,拉你左手-不離不棄,https://weibo.com//u/1812706102,你凭什么能够代表中国装，你最多只能代表田园女拳装。,0,0
,c4955039690129963,2023-10-09 21:09:44,来自北京,喜马拉雅山上的雅宝宝,https://weibo.com//u/5707805340,来呀~发疯呀~怎么不，发疯了呀~,0,0
,c4954970631964024,2023-10-09 16:35:20,来自湖北,qiqiaini2008,https://weibo.com//u/1845598822,不是，请问你请的啥化妆师发型师，给人家丘画成这个鬼样子，咋你们营销彻底摆烂吗，头套临时找个假发店买的吗？,0,0
,c4954959386247809,2023-10-09 15:50:38,来自河北,北杳浅浅书,https://weibo.com//u/7641565639,你看看你把人家化的！！！,0,0
,c4954941682090423,2023-10-09 14:40:17,来自广东,赛博盯真,https://weibo.com//u/7107291247,改行做飞机杯算了,0,0
,c4954890218505565,2023-10-09 11:15:48,来自黑龙江,-兔籽-,https://weibo.com//u/2093260761,"好好的丘妈化成那样，丑的老子头皮发麻<img alt=""[允悲]"" title=""[允悲]"" src=""https://face.t.sinajs.cn/t4/appstyle/expression/ext/normal/83/2018new_kuxiao_org.png"" />",0,0
,c4954872999841144,2023-10-09 10:07:23,来自云南,LKEEEE,https://weibo.com//u/3211657720,？,0,0
,c4954853111234763,2023-10-09 08:48:20,来自河南,嘿他大舅,https://weibo.com//u/5692022239,为啥都说花西子发疯,0,0
,c4954768041574587,2023-10-09 03:10:19,来自瑞典,Mr-J-STHLM,https://weibo.com//u/3939317431,"你怕不是找了殡葬业者给丘妈化的妆吧<img alt=""[允悲]"" title=""[允悲]"" src=""https://face.t.sinajs.cn/t4/appstyle/expression/ext/normal/83/2018new_kuxiao_org.png"" />",0,0
,c4954706735009605,2023-10-08 23:06:42,来自广西,明天我要嫁孙悟空,https://weibo.com//u/2267250293,审美变高级了很多。对花西子之前的感觉停留在妆奁和“情人节送女朋友什么礼物”的营销。以前的花西子像女孩取悦别人，现在的花西子风格是在取悦自己。不知道是什么带来这样的跨越？,0,0
,c4954697486568129,2023-10-08 22:29:57,来自吉林,掐指一算小仙女儿,https://weibo.com//u/5416307188,快破产吧,2,0
,c4954696243478587,2023-10-08 22:25:00,来自福建,戴红领巾的奈何w,https://weibo.com//u/7290565616,你们直接关门吧救命,1,0
,c4954641952409499,2023-10-08 18:49:17,来自浙江,壹隻憂鬱的臺灣烏龜biubiu,https://weibo.com//u/2053622475,这是要努力工作升职加薪了吗？,0,0
,c4954637196593346,2023-10-08 18:30:23,来自四川,知我丿,https://weibo.com//u/3098419654,你的审美好像有大病,1,0
,c4954632579450808,2023-10-08 18:12:02,来自内蒙古,水獭邱濑,https://weibo.com//u/5816086118,"<img alt=""[笑cry]"" title=""[笑cry]"" src=""https://face.t.sinajs.cn/t4/appstyle/expression/ext/normal/4a/2018new_xiaoku_thumb.png"" /><img alt=""[笑cry]"" title=""[笑cry]"" src=""https://face.t.sinajs.cn/t4/appstyle/expression/ext/normal/4a/2018new_xiaoku_thumb.png"" />佳琦精选留言了，要不你也开一个<img alt=""[笑cry]"" title=""[笑cry]"" src=""https://face.t.sinajs.cn/t4/appstyle/expression/ext/normal/4a/2018new_xiaoku_thumb.png"" /><img alt=""[笑cry]"" title=""[笑cry]"" src=""https://face.t.sinajs.cn/t4/appstyle/expression/ext/normal/4a/2018new_xiaoku_thumb.png"" />",0,0
,c4954589532521351,2023-10-08 15:20:59,来自广东,苏赛尔戴德拉斯,https://weibo.com//u/7747887050,"开始破罐子破摔了<img alt=""[微笑]"" title=""[微笑]"" src=""https://face.t.sinajs.cn/t4/appstyle/expression/ext/normal/e3/2018new_weixioa02_org.png"" />都是福报",0,0
,c4954579714969598,2023-10-08 14:41:58,来自湖南,榆九子凑活着活着,https://weibo.com//u/7588105672,棍,0,0
,c4954566853397084,2023-10-08 13:50:52,来自安徽,ugsally0327,https://weibo.com//u/2124105734,找找自己原因 是不是不努力 不行就破产吧,1,0
,c4954527700093266,2023-10-08 11:15:17,来自河南,你好像一条狗子,https://weibo.com//u/5393916954,"换宣发了<img alt=""[doge]"" title=""[doge]"" src=""https://face.t.sinajs.cn/t4/appstyle/expression/ext/normal/a1/2018new_doge02_org.png"" />",0,0
,c4954522923306737,2023-10-08 10:56:18,来自贵州,我好看得要,https://weibo.com//u/6981216269,你们家的产品是真的丑啊,0,0
,c4954516506022201,2023-10-08 10:30:48,来自福建,特妖评论员O,https://weibo.com//u/5132491468,"抹黑国人形象<img alt=""[弱]"" title=""[弱]"" src=""https://face.t.sinajs.cn/t4/appstyle/expression/ext/normal/3d/2018new_ruo_org.png"" /><img alt=""[弱]"" title=""[弱]"" src=""https://face.t.sinajs.cn/t4/appstyle/expression/ext/normal/3d/2018new_ruo_org.png"" /><img alt=""[弱]"" title=""[弱]"" src=""https://face.t.sinajs.cn/t4/appstyle/expression/ext/normal/3d/2018new_ruo_org.png"" />",0,0
,c4954511552283698,2023-10-08 10:11:07,来自山西,olu贴贴,https://weibo.com//u/5841844926,直到现在厌恶你到什么程度吗？回想起来以前买过你的产品就丢人，是真的丢人,0,0
,c4954409379824504,2023-10-08 03:25:07,来自重庆,专业围观601,https://weibo.com//u/5848705008,什么鬼，我怎么还没拉黑你，我明明记得我拉黑你了,0,0
,c4954386439865736,2023-10-08 01:53:58,来自山东,陌小藻,https://weibo.com//u/7510552857,专门搞得那么丑，也是宣传的一部分？,0,0
,c4954342198873832,2023-10-07 22:58:10,来自山东,荼毒老痞,https://weibo.com//u/1855877035,xswl,0,0
,c4954328781557796,2023-10-07 22:04:51,来自浙江,屑陈导,https://weibo.com//u/7832039931,呀，不发疯了？,0,0
,c4954328681683048,2023-10-07 22:04:27,来自海南,檀雅莲心,https://weibo.com//u/5251598334,不愧是花西子，总能让人反向种草别的东西,1,0
,c4954321954016892,2023-10-07 21:37:43,来自河北,华勘保保,https://weibo.com//u/3813093212,玩高级玩臭了,0,0
,c4954318321751280,2023-10-07 21:23:17,来自重庆,吃可爱多长大的坏小孩,https://weibo.com//u/6915358894,花西子啊，你现在疯的越来越魔化了啊，怎么，准备开始彻底疯癫？,0,0
,c4954315016377735,2023-10-07 21:10:09,来自北京,我磕的CP啥时候成真,https://weibo.com//u/5694594816,"我没说过你一句不好，但现在我实在忍不了了，真的太丑了<img alt=""[怒]"" title=""[怒]"" src=""https://face.t.sinajs.cn/t4/appstyle/expression/ext/normal/f6/2018new_nu_org.png"" />",0,0
,c4954314914139158,2023-10-07 21:09:45,来自北京,张馨心KaiSsu,https://weibo.com//u/1744029205,疯狗子,0,0
,c4954297022811484,2023-10-07 19:58:39,来自广东,Liky1106-,https://weibo.com//u/7497290496,"<img alt=""[doge]"" title=""[doge]"" src=""https://face.t.sinajs.cn/t4/appstyle/expression/ext/normal/a1/2018new_doge02_org.png"" />",0,0
,c4954285428704586,2023-10-07 19:12:35,来自海南,法蘭西的悸風,https://weibo.com//u/1768957460,当年各大博主不是把你吹成神话吗,0,0
,c4954280115046796,2023-10-07 18:51:28,来自浙江,暴走一大叔,https://weibo.com//u/2000885374,疯西子,0,0
,c4954278973674842,2023-10-07 18:46:56,来自河北,辜负真心的人吞万根针,https://weibo.com//u/7482906365,给人家运动员化的妆真的很丑,0,0
,c4954268291304135,2023-10-07 18:04:29,来自福建,YG_溯烬,https://weibo.com//u/6969690049,"你      在搞什么飞机啊？<img alt=""[二哈]"" title=""[二哈]"" src=""https://face.t.sinajs.cn/t4/appstyle/expression/ext/normal/22/2018new_erha_org.png"" />",0,0
,c4954265774722530,2023-10-07 17:54:29,来自四川,路辞东隅,https://weibo.com//u/6470942734,"<img alt=""[拜拜]"" title=""[拜拜]"" src=""https://face.t.sinajs.cn/t4/appstyle/expression/ext/normal/fd/2018new_baibai_org.png"" />你在搞什么",0,0
,c4954263246079659,2023-10-07 17:44:26,来自湖南,美妙屋2018,https://weibo.com//u/2330470603,把丘妈化的一言难尽啊～,1,0
,c4954261664041371,2023-10-07 17:38:09,来自广东,人间清醒小希希,https://weibo.com//u/1659158967,"你把丘妈画成什么鬼样子了<img alt=""[二哈]"" title=""[二哈]"" src=""https://face.t.sinajs.cn/t4/appstyle/expression/ext/normal/22/2018new_erha_org.png"" />",0,0
,c4954259697960668,2023-10-07 17:30:20,来自福建,Double-M-YAN,https://weibo.com//u/2366597871,"你没事吧？？？？<img alt=""[费解]"" title=""[费解]"" src=""https://face.t.sinajs.cn/t4/appstyle/expression/ext/normal/2a/2018new_wenhao_org.png"" />",0,0
,c4954259635044469,2023-10-07 17:30:04,来自辽宁,ggodan,https://weibo.com//u/5232858600,你是真想把自己搞臭啊,0,0
,c4954257776970410,2023-10-07 17:22:42,来自湖北,不被push不会动选手,https://weibo.com//u/1025659170,不是 你们家的审美要是差成这样 我不相信你们可以做出合格的产品 多修修内功 别整天搞那些虚头巴脑的 那广告有一种浓浓的羞辱感 不知道你们的公司管事都是什么🧠 无语 大无语,0,0
,c4954250637739075,2023-10-07 16:54:20,来自山东,圆脸小犊几,https://weibo.com//u/3083492573,你们审美怎么那么差啊！！！那个丘妈 那是什么鬼造型啊！！,1,0
,c4954250439558003,2023-10-07 16:53:33,来自浙江,橙橙橙是个橙子,https://weibo.com//u/3022969145,这么丑的妆,0,0
,c4954249634515222,2023-10-07 16:50:21,来自黑龙江,相爱想爱不如恋爱,https://weibo.com//u/6067881070,"日货<img alt=""[doge]"" title=""[doge]"" src=""https://face.t.sinajs.cn/t4/appstyle/expression/ext/normal/a1/2018new_doge02_org.png"" />",0,0
,c4954248283948255,2023-10-07 16:44:59,来自辽宁,世界把我放在哪一个角落,https://weibo.com//u/2607016703,别冒充国货了啊,0,0
,c4954244400547946,2023-10-07 16:29:33,来自山西,柚桑-,https://weibo.com//u/7132608016,"就把丘拍成那样？<img alt=""[允悲]"" title=""[允悲]"" src=""https://face.t.sinajs.cn/t4/appstyle/expression/ext/normal/83/2018new_kuxiao_org.png"" />",0,0
,c4954243007774980,2023-10-07 16:24:00,来自四川,陈笨笨--,https://weibo.com//u/7488307770,"绝了<img alt=""[doge]"" title=""[doge]"" src=""https://face.t.sinajs.cn/t4/appstyle/expression/ext/normal/a1/2018new_doge02_org.png"" />",0,0
,c4954201446155917,2023-10-07 13:38:52,来自重庆,缥缈-百合,https://weibo.com//u/1430424903,给你出个主意找“张桂梅”老师代言嘛，支持帮扶她的学校和学生。可能还能对你改观,0,0
,c4954029115311009,2023-10-07 02:14:05,来自江苏,泠生_,https://weibo.com//u/7417538048,快抽奖,0,0
,c4953896784759513,2023-10-06 17:28:15,来自广东,鹤木之声,https://weibo.com//u/3625794307,666666,1,0
,c4953824629623906,2023-10-06 12:41:32,来自四川,嘻嘻曦曦嘻嘻sun,https://weibo.com//u/6458958372,"嘻嘻西西想看你多更新有趣的产品体验啥的有趣的视频<img alt=""[打call]"" title=""[打call]"" src=""https://face.t.sinajs.cn/t4/appstyle/expression/ext/normal/39/moren_dacall02_org.png"" />",0,0
,c4953802005808044,2023-10-06 11:11:38,来自内蒙古,水獭邱濑,https://weibo.com//u/5816086118,"<img alt=""[笑cry]"" title=""[笑cry]"" src=""https://face.t.sinajs.cn/t4/appstyle/expression/ext/normal/4a/2018new_xiaoku_thumb.png"" /><img alt=""[笑cry]"" title=""[笑cry]"" src=""https://face.t.sinajs.cn/t4/appstyle/expression/ext/normal/4a/2018new_xiaoku_thumb.png"" />这号咋拯救啊花子，及时止损要不<img alt=""[笑cry]"" title=""[笑cry]"" src=""https://face.t.sinajs.cn/t4/appstyle/expression/ext/normal/4a/2018new_xiaoku_thumb.png"" /><img alt=""[笑cry]"" title=""[笑cry]"" src=""https://face.t.sinajs.cn/t4/appstyle/expression/ext/normal/4a/2018new_xiaoku_thumb.png"" />",0,0
,c4953670163104658,2023-10-06 02:27:44,来自河北,Shao_Shao_,https://weibo.com//u/6092469125,还没凉呢,0,0
,c4953650336892541,2023-10-06 01:08:57,来自广东,Waclll,https://weibo.com//u/2517327950,"我看你在哇哇叫<img alt=""[doge]"" title=""[doge]"" src=""https://face.t.sinajs.cn/t4/appstyle/expression/ext/normal/a1/2018new_doge02_org.png"" />",0,0
,c4953553589502670,2023-10-05 18:44:30,来自广东,昔落昔落ing,https://weibo.com//u/3964152314,我我收到了，包装好看,0,0
,c4953525455159730,2023-10-05 16:52:42,来自黑龙江,至少还有雪_陪我落一夜,https://weibo.com//u/3785894797,"哎！小西 回复一下私信<img alt=""[羞嗒嗒]"" title=""[羞嗒嗒]"" src=""https://face.t.sinajs.cn/t4/appstyle/expression/ext/normal/df/lxhxiudada_org.gif"" />",0,0
,c4953525392770118,2023-10-05 16:52:28,来自黑龙江,至少还有雪_陪我落一夜,https://weibo.com//u/3785894797,"哎，小西 回复一下私信<img alt=""[羞嗒嗒]"" title=""[羞嗒嗒]"" src=""https://face.t.sinajs.cn/t4/appstyle/expression/ext/normal/df/lxhxiudada_org.gif"" />",0,0
,c4953433361091137,2023-10-05 10:46:46,来自云南,三月暖风dt,https://weibo.com//u/6298843528,怎么了？不茶里茶气的了？,1,0
,c4953416369178816,2023-10-05 09:39:15,来自湖南,yy茶叶yy,https://weibo.com//u/2173364000,"我想看你如何发疯<img alt=""[允悲]"" title=""[允悲]"" src=""https://face.t.sinajs.cn/t4/appstyle/expression/ext/normal/83/2018new_kuxiao_org.png"" />",0,0
,c4953302992684098,2023-10-05 02:08:44,来自广东,S神经希希Y,https://weibo.com//u/7711487745,"看着都烦<img alt=""[黑线]"" title=""[黑线]"" src=""https://face.t.sinajs.cn/t4/appstyle/expression/ext/normal/a3/2018new_heixian_org.png"" />",0,0
,c4953256783774949,2023-10-04 23:05:06,来自中国香港,矮矮的胖小猪,https://weibo.com//u/5351371400,"还有人买？<img alt=""[doge]"" title=""[doge]"" src=""https://face.t.sinajs.cn/t4/appstyle/expression/ext/normal/a1/2018new_doge02_org.png"" />",0,0
,c4953233035891794,2023-10-04 21:30:45,来自上海,Leo小左,https://weibo.com//u/3044762615,运营去新疆玩了,0,0
,c4953207543959564,2023-10-04 19:49:27,来自广东,Accord2015_715,https://weibo.com//u/3240875464,佳婍不推荐，我就不买了,0,0
,c4953170046882165,2023-10-04 17:20:27,来自广东,小马不再年轻,https://weibo.com//u/6647321440,"我过来看热闹<img alt=""[挖鼻]"" title=""[挖鼻]"" src=""https://face.t.sinajs.cn/t4/appstyle/expression/ext/normal/9a/2018new_wabi_thumb.png"" />",0,0
,c4953151984634309,2023-10-04 16:08:41,来自北京,热心市民xyc,https://weibo.com//u/6334384185,还发癫不,0,0
,c4952855432400423,2023-10-03 20:30:17,来自湖南,尘un,https://weibo.com//u/6356373505,今天也来吐口痰🤗,1,0
,c4952843130509682,2023-10-03 19:41:24,来自天津,你个抹茶脑袋,https://weibo.com//u/2904685095,史,0,0
,c4952836900132305,2023-10-03 19:16:39,来自江西,优焖大霞,https://weibo.com//u/7762137888,"怎么不发疯了<img alt=""[doge]"" title=""[doge]"" src=""https://face.t.sinajs.cn/t4/appstyle/expression/ext/normal/a1/2018new_doge02_org.png"" />",2,0
,c4952831921752825,2023-10-03 18:56:52,来自广东,A笑一少,https://weibo.com//u/2907821591,我还是喜欢你原来桀骜不驯的样子,1,0
,c4952814439632182,2023-10-03 17:47:24,来自四川,城门小蛋糕,https://weibo.com//u/6994707822,不好用哇,0,0
,c4952776100282619,2023-10-03 15:15:02,来自浙江,爆米毒花少来沾边,https://weibo.com//u/6114856197,不买不买不买,0,0
,c4952727664989338,2023-10-03 12:02:35,来自江苏,自由散人-,https://weibo.com//u/2069364812,瓦大喜哇花西子,0,0
,c4952693573158856,2023-10-03 09:47:07,来自四川,今日份最靓的仔,https://weibo.com//u/5858083948,"<img alt=""[怒]"" title=""[怒]"" src=""https://face.t.sinajs.cn/t4/appstyle/expression/ext/normal/f6/2018new_nu_org.png"" />",0,0
,c4952585423815010,2023-10-03 02:37:22,来自浙江,今天皮皮也很困y,https://weibo.com//u/5598416275,继续发疯啊,0,0
,c4952565601535209,2023-10-03 01:18:36,来自山西,欢喜鸭i,https://weibo.com//u/6376543179,"这地方一个人都没有<img alt=""[笑cry]"" title=""[笑cry]"" src=""https://face.t.sinajs.cn/t4/appstyle/expression/ext/normal/4a/2018new_xiaoku_thumb.png"" /><img alt=""[笑cry]"" title=""[笑cry]"" src=""https://face.t.sinajs.cn/t4/appstyle/expression/ext/normal/4a/2018new_xiaoku_thumb.png"" /><img alt=""[笑cry]"" title=""[笑cry]"" src=""https://face.t.sinajs.cn/t4/appstyle/expression/ext/normal/4a/2018new_xiaoku_thumb.png"" />笑死我啦",0,0
,c4952554335897963,2023-10-03 00:33:50,来自重庆,抹香果子,https://weibo.com//u/5283893208,江湖再也不见，实在不想用花西子 ，用的话被看见了会变成全办公室的笑话,0,0
,c4952493573017214,2023-10-02 20:32:23,来自江苏,BossK的峰蜜闳茶酱,https://weibo.com//u/5825645791,yue,0,0
,c4952433639559632,2023-10-02 16:34:14,来自福建,浮名一生1,https://weibo.com//u/6382590072,支持花西子，支持国际友人,0,0
,c4952416464145431,2023-10-02 15:25:59,来自浙江,赛博盯真,https://weibo.com//u/7107291247,可以改行做✈️杯,0,0
,c4952414614978917,2023-10-02 15:18:37,来自广东,summer-lpz,https://weibo.com//u/2983017685,继续发疯啊 我爱看,0,0
,c4952408754750415,2023-10-02 14:55:21,来自山东,不太爱月亮-,https://weibo.com//u/7382767808,"<img alt=""[弱]"" title=""[弱]"" src=""https://face.t.sinajs.cn/t4/appstyle/expression/ext/normal/3d/2018new_ruo_org.png"" /><img alt=""[弱]"" title=""[弱]"" src=""https://face.t.sinajs.cn/t4/appstyle/expression/ext/normal/3d/2018new_ruo_org.png"" /><img alt=""[弱]"" title=""[弱]"" src=""https://face.t.sinajs.cn/t4/appstyle/expression/ext/normal/3d/2018new_ruo_org.png"" /><img alt=""[弱]"" title=""[弱]"" src=""https://face.t.sinajs.cn/t4/appstyle/expression/ext/normal/3d/2018new_ruo_org.png"" />",0,0
,c4952394922460604,2023-10-02 14:00:23,来自辽宁,blue东东在那咚咚咚,https://weibo.com//u/6174251590,"79么<img alt=""[二哈]"" title=""[二哈]"" src=""https://face.t.sinajs.cn/t4/appstyle/expression/ext/normal/22/2018new_erha_org.png"" />",1,0
,c4952384461605310,2023-10-02 13:18:49,来自河北,lyy_C,https://weibo.com//u/6213695081,我一男的看到搞笑视频 专门到微博搜你，结果你就给我看这个？,0,0
,c4952371019387155,2023-10-02 12:25:24,来自山东,好玩就是有点不好玩,https://weibo.com//u/6985672955,今天天气真好，给个差评,0,0
,c4952363373431354,2023-10-02 11:55:01,来自辽宁,-火锅配奶茶-,https://weibo.com//u/5660805860,还发微博呢,0,0
,c4952360695628386,2023-10-02 11:44:23,来自北京,柒星井零,https://weibo.com//u/7791216398,"来啊，继续发疯啊？<img alt=""[二哈]"" title=""[二哈]"" src=""https://face.t.sinajs.cn/t4/appstyle/expression/ext/normal/22/2018new_erha_org.png"" /><img alt=""[doge]"" title=""[doge]"" src=""https://face.t.sinajs.cn/t4/appstyle/expression/ext/normal/a1/2018new_doge02_org.png"" />",0,0
,c4952359546389621,2023-10-02 11:39:49,来自广东,豆腐鲫鱼汤ww,https://weibo.com//u/5389393539,这么快上班（？）,0,0
,c4952327892503183,2023-10-02 09:34:02,来自湖北,小嘛小石头,https://weibo.com//u/1809109094,哈哈哈,0,0
,c4952324613865797,2023-10-02 09:20:59,来自山西,Njq_7,https://weibo.com//u/5379567571,"<img alt=""[doge]"" title=""[doge]"" src=""https://face.t.sinajs.cn/t4/appstyle/expression/ext/normal/a1/2018new_doge02_org.png"" /><img alt=""[doge]"" title=""[doge]"" src=""https://face.t.sinajs.cn/t4/appstyle/expression/ext/normal/a1/2018new_doge02_org.png"" />",0,0
,c4952322612922299,2023-10-02 09:13:03,来自河南,OGAKsgy,https://weibo.com//u/7271301603,66666,0,0
,c4952320754844247,2023-10-02 09:05:40,来自广西,Brilliant_Doctor,https://weibo.com//u/6447352863,6,1,0
,c4954578488920714,2023-10-08 14:37:06,来自福建,蜜蜂甜蜜蜜1203,https://weibo.com//u/1036783014,闪着闪着就破产了,0,0
,c4953095538740383,2023-10-04 12:24:23,来自吉林,城北洗澡王,https://weibo.com//u/2626089925,"有人说你是毒瘤<img alt=""[哈哈]"" title=""[哈哈]"" src=""https://face.t.sinajs.cn/t4/appstyle/expression/ext/normal/8f/2018new_haha_org.png"" />",0,0
,c4954220765906797,2023-10-07 14:55:38,来自河北,樱桃好好吃啊丨,https://weibo.com//u/6232653650,傻 必,2,0
,c4953200157002256,2023-10-04 19:20:06,来自四川,不看爽文,https://weibo.com//u/7735983899,网友哪里喷你了 这么多年不都这样吗 不要睁着眼睛乱说 人民很穷的 有的时候找找自己原因好不好 这么多年了产品有没有故意涨价 有没有想过不请网红成本会不会低,6,0
,c4953148546614947,2023-10-04 15:55:01,来自河南,一直在努力www888,https://weibo.com//u/1000332263,买二B铅笔都不买花西子,2,0
,c4953063505792999,2023-10-04 10:17:06,来自福建,Q性感的泡芙小姐,https://weibo.com//u/5630590986,"不好意思啊，在首页刷到你那条极不真诚的发声，特地进来骂一下你<img alt=""[太开心]"" title=""[太开心]"" src=""https://face.t.sinajs.cn/t4/appstyle/expression/ext/normal/1e/2018new_taikaixin_org.png"" /><img alt=""[太开心]"" title=""[太开心]"" src=""https://face.t.sinajs.cn/t4/appstyle/expression/ext/normal/1e/2018new_taikaixin_org.png"" /><img alt=""[太开心]"" title=""[太开心]"" src=""https://face.t.sinajs.cn/t4/appstyle/expression/ext/normal/1e/2018new_taikaixin_org.png"" />",6,0
,c4954352479111564,2023-10-07 23:39:01,来自湖北,小鸡腿儿暴富了没,https://weibo.com//u/2984309951,好难看,1,0
,c4954303565398160,2023-10-07 20:24:38,来自河南,留长发等我,https://weibo.com//u/5589828625,别出来丢人现眼了，行吗！！算我求求你了,1,0
,c4953167004960591,2023-10-04 17:08:22,来自中国香港,月亮卖我多巴胺_,https://weibo.com//u/5267764608,"早日涼喔親愛的<img alt=""[心]"" title=""[心]"" src=""https://face.t.sinajs.cn/t4/appstyle/expression/ext/normal/8a/2018new_xin_org.png"" />",1,0
,c4953130157739395,2023-10-04 14:41:57,来自陕西,朝阳风云2015,https://weibo.com//u/5085669465,工作努力了吗？,3,0
,c4955643967701593,2023-10-11 13:10:55,来自河北,韩婉婉wan,https://weibo.com//u/7807221571,"<img alt=""[允悲]"" title=""[允悲]"" src=""https://face.t.sinajs.cn/t4/appstyle/expression/ext/normal/83/2018new_kuxiao_org.png"" />",0,0
,c4955456956270694,2023-10-11 00:47:49,来自吉林,超级无敌大漂亮-,https://weibo.com//u/7803162362,"<img alt=""[打call]"" title=""[打call]"" src=""https://face.t.sinajs.cn/t4/appstyle/expression/ext/normal/39/moren_dacall02_org.png"" /><img alt=""[打call]"" title=""[打call]"" src=""https://face.t.sinajs.cn/t4/appstyle/expression/ext/normal/39/moren_dacall02_org.png"" /><img alt=""[打call]"" title=""[打call]"" src=""https://face.t.sinajs.cn/t4/appstyle/expression/ext/normal/39/moren_dacall02_org.png"" />好棒",0,0
,c4955439638514748,2023-10-10 23:39:00,来自陕西,酒香入窖,https://weibo.com//u/7736863344,花西子币你知道不,0,0
,c4955079508232450,2023-10-09 23:47:58,来自四川,紅莓黑加侖愛情水,https://weibo.com//u/2719923412,怎么不发疯了？发疯的老板被关进安康医院没,0,0
,c4955013082777148,2023-10-09 19:24:01,来自广西,MrFox_82286,https://weibo.com//u/3579830242,"<img alt=""[doge]"" title=""[doge]"" src=""https://face.t.sinajs.cn/t4/appstyle/expression/ext/normal/a1/2018new_doge02_org.png"" /><img alt=""[doge]"" title=""[doge]"" src=""https://face.t.sinajs.cn/t4/appstyle/expression/ext/normal/a1/2018new_doge02_org.png"" /><img alt=""[doge]"" title=""[doge]"" src=""https://face.t.sinajs.cn/t4/appstyle/expression/ext/normal/a1/2018new_doge02_org.png"" />对了，你家花西子的产品，怎么才能在boss直聘上下单购买呢？是点击运营然后投简历吗",0,0
,c4954832948692985,2023-10-09 07:28:14,来自浙江,穗穗会平安-,https://weibo.com//u/6450501345,看见有人骂你我就放心了,0,0
,c4953947297810339,2023-10-06 20:48:58,来自辽宁,小白菜的嘟嘟先生,https://weibo.com//u/6390995124,一鲸落万物生,0,0
,c4953584230467674,2023-10-05 20:46:16,来自上海,有事看主页,https://weibo.com//u/7762322680,"晨光得力79能买几十支？你敢碰瓷你也这样卖<img alt=""[弱]"" title=""[弱]"" src=""https://face.t.sinajs.cn/t4/appstyle/expression/ext/normal/3d/2018new_ruo_org.png"" />",0,0
,c4952676330375424,2023-10-03 08:38:36,来自江西,清茶93512,https://weibo.com//u/6429721697,怎么不继续发疯了,0,0
,c4952469676755845,2023-10-02 18:57:26,来自吉林,法号无想,https://weibo.com//u/3302247423,截图,0,0
,c4952463264714916,2023-10-02 18:31:57,来自重庆,薇薇安果酱M,https://weibo.com//u/7599107211,花西子是不是国货呀！为什么这么多人说不是国货呢,0,0
,c4952401629679876,2023-10-02 14:27:02,来自江苏,馨馨6017104170,https://weibo.com//u/6017104170,"东方有美人 遗世而独立<img alt=""[心]"" title=""[心]"" src=""https://face.t.sinajs.cn/t4/appstyle/expression/ext/normal/8a/2018new_xin_org.png"" /><img alt=""[心]"" title=""[心]"" src=""https://face.t.sinajs.cn/t4/appstyle/expression/ext/normal/8a/2018new_xin_org.png"" /><img alt=""[心]"" title=""[心]"" src=""https://face.t.sinajs.cn/t4/appstyle/expression/ext/normal/8a/2018new_xin_org.png"" />",1,0
,c4952398886603311,2023-10-02 14:16:08,来自浙江,别挡我发财88888,https://weibo.com//u/7861958106,"假1赔3什么时候赔？<img alt=""[doge]"" title=""[doge]"" src=""https://face.t.sinajs.cn/t4/appstyle/expression/ext/normal/a1/2018new_doge02_org.png"" />",0,0
,c4952382628693941,2023-10-02 13:11:32,来自安徽,今夜冬漫长max,https://weibo.com//u/7835584383,？,0,0
,c4952374155149901,2023-10-02 12:37:51,来自福建,工造司,https://weibo.com//u/7775905459,"好漂亮啊，好想买。姐妹们冲！<img alt=""[憧憬]"" title=""[憧憬]"" src=""https://face.t.sinajs.cn/t4/appstyle/expression/ext/normal/c9/2018new_chongjing_org.png"" />",0,0
,c4952333542490945,2023-10-02 09:56:29,来自安徽,6妙涵6,https://weibo.com//u/7728490568,"<img alt=""[可爱]"" title=""[可爱]"" src=""https://face.t.sinajs.cn/t4/appstyle/expression/ext/normal/09/2018new_keai_org.png"" /><img alt=""[可爱]"" title=""[可爱]"" src=""https://face.t.sinajs.cn/t4/appstyle/expression/ext/normal/09/2018new_keai_org.png"" /><img alt=""[可爱]"" title=""[可爱]"" src=""https://face.t.sinajs.cn/t4/appstyle/expression/ext/normal/09/2018new_keai_org.png"" /><img alt=""[可爱]"" title=""[可爱]"" src=""https://face.t.sinajs.cn/t4/appstyle/expression/ext/normal/09/2018new_keai_org.png"" />",0,0
,c4952322238057321,2023-10-02 09:11:34,来自江苏,催眠曲qwq,https://weibo.com//u/7817319110,"史<img alt=""[允悲]"" title=""[允悲]"" src=""https://face.t.sinajs.cn/t4/appstyle/expression/ext/normal/83/2018new_kuxiao_org.png"" /><img alt=""[允悲]"" title=""[允悲]"" src=""https://face.t.sinajs.cn/t4/appstyle/expression/ext/normal/83/2018new_kuxiao_org.png"" />",2,1
,c4955431828459115,2023-10-10 23:07:58,来自山东,Yowoo_x,https://weibo.com//u/1848447241,开始互动,0,0
,c4955431782845194,2023-10-10 23:07:47,来自山东,Yowoo_x,https://weibo.com//u/1848447241,我要榜上有名,0,0
,c4955024827093284,2023-10-09 20:10:41,来自广东,Tioor酱,https://weibo.com//u/6994459249,花西子？狗看了都摇了摇头啊,0,0
,c4954654805590054,2023-10-08 19:40:20,来自江苏,this周杰6,https://weibo.com//u/6568502031,"<img alt=""[狗粮]"" title=""[狗粮]"" src=""https://face.t.sinajs.cn/t4/appstyle/expression/ext/normal/d7/2023_PDA_org.png"" />",0,0
,c4954626534148310,2023-10-08 17:48:01,来自山东,开心咕噜崽,https://weibo.com//u/5580242119,哈哈哈哈,0,0
,c4954583899312958,2023-10-08 14:58:36,来自北京,橘子可以生吃,https://weibo.com//u/5843895303,用了花西子。美女变巫婆,1,0
,c4954520894049256,2023-10-08 10:48:14,来自四川,潘神的笛子,https://weibo.com//u/3185021972,"祝花西子公司的全家都长这样<img alt=""[doge]"" title=""[doge]"" src=""https://face.t.sinajs.cn/t4/appstyle/expression/ext/normal/a1/2018new_doge02_org.png"" />",0,0
,c4954334657516571,2023-10-07 22:28:12,来自浙江,Hello叶之一,https://weibo.com//u/1280159604,同一人，花西子vs万事利丝绸 ,3,0
,c4954325945159007,2023-10-07 21:53:35,来自四川,提酱的铲屎官,https://weibo.com//u/5719143519,把一代传奇运动员化妆化成啥了？你给你🐴也这么化我就没意见,0,0
,c4954310071290511,2023-10-07 20:50:30,来自黑龙江,shijiao_33,https://weibo.com//u/7765150366,真是有毛病,1,0
,c4954252176263167,2023-10-07 17:00:27,来自安徽,柚子Yoki866,https://weibo.com//u/6415252731,"<img alt=""[费解]"" title=""[费解]"" src=""https://face.t.sinajs.cn/t4/appstyle/expression/ext/normal/2a/2018new_wenhao_org.png"" />",0,0
,c4953454755450744,2023-10-05 12:11:47,来自广东,爱枫不会错,https://weibo.com//u/7838100379,想冷处理等我们都忘了是吗 想多了,0,0
,c4953016727242525,2023-10-04 07:11:13,来自福建,一只小狗旺旺旺哈,https://weibo.com//u/7549868941,眉笔80？,0,0
,c4952869214625706,2023-10-03 21:25:03,来自广西,mythcode,https://weibo.com//u/2697856215,刚刚到货，很好用（记得删,1,0
,c4952758392717823,2023-10-03 14:04:40,来自广东,有意思XQ,https://weibo.com//u/6200840752,花里胡哨的包装,0,0
,c4952719325401258,2023-10-03 11:29:27,来自吉林,吉瑞铁937,https://weibo.com//u/6929601002,啊啊啊,0,0
,c4952696600921638,2023-10-03 09:59:09,来自广西,花里胡哨热带鱼,https://weibo.com//u/5600505231,中国的丝绸之路关你日企什么事情,2,0
